id,proprietary_institution,address,line,area,유형분류,현재 사용현황,향후 사용계획 및 추진사항,capacity,land_category,realty_price,sys_connection,insolation,generation_quantity,economic_feasibility,result
5409,영남본부,부산광역시 부산진구 부암동 681-5,경부선,506,활용,미사용,없음,38.0,철도용지,462000.0,가능,46.3,875271.0,159701.0,1
5411,영남본부,부산광역시 부산진구 부암동 682-9,경부선,17,활용,미사용,없음,1.0,대,462000.0,가능,46.3,23034.0,4202.0,1
5420,영남본부,부산광역시 부산진구 부암동 686-1,경부선,3349,활용,미사용,없음,257.0,철도용지,498300.0,가능,46.3,5919583.0,1049217.0,1
18970,강원본부,충청북도 제천시 고명동 340-1,중앙선,2396,활용,미사용,계획 없음,184.0,철도용지,36300.0,가능,39.48,3611810.0,644922.0,1
18971,강원본부,충청북도 제천시 고명동 341-2,중앙선,43,활용,미사용,계획 없음,3.0,철도용지,30600.0,가능,39.48,58882.0,10743.0,0
18972,강원본부,충청북도 제천시 고명동 341-4,중앙선,60,활용,미사용,계획 없음,4.0,답,9730.0,가능,39.48,78516.0,14325.0,0
18974,강원본부,충청북도 제천시 고명동 371-1,중앙선,182,활용,미사용,계획 없음,14.0,철도용지,23200.0,가능,39.48,274815.0,50142.0,0
18975,강원본부,충청북도 제천시 고명동 371-4,중앙선,704,활용,미사용,계획 없음,54.0,답,16400.0,가능,39.48,1059990.0,193404.0,0
18976,강원본부,충청북도 제천시 고명동 372-1,중앙선,89,활용,미사용,계획 없음,6.0,철도용지,23200.0,가능,39.48,117770.0,21488.0,0
18977,강원본부,충청북도 제천시 고명동 372-3,중앙선,50,활용,미사용,계획 없음,3.0,답,16400.0,가능,39.48,58882.0,10743.0,0
18978,강원본부,충청북도 제천시 고명동 373-2,중앙선,2708,활용,미사용,계획 없음,208.0,철도용지,29700.0,가능,39.48,4082909.0,726964.0,1
18979,강원본부,충청북도 제천시 고명동 378-2,중앙선,2357,활용,미사용,계획 없음,181.0,철도용지,18300.0,가능,39.48,3552920.0,634707.0,1
18980,강원본부,충청북도 제천시 고명동 378-3,중앙선,218,활용,미사용,계획 없음,16.0,철도용지,22900.0,가능,39.48,314074.0,57305.0,0
18981,강원본부,충청북도 제천시 고명동 378-5,중앙선,407,활용,미사용,계획 없음,31.0,철도용지,22000.0,가능,39.48,608509.0,111028.0,0
18982,강원본부,충청북도 제천시 고명동 381-2,중앙선,1884,활용,미사용,계획 없음,145.0,철도용지,18200.0,가능,39.48,2846259.0,511724.0,1
18983,강원본부,충청북도 제천시 고명동 386-3,중앙선,99,활용,미사용,계획 없음,7.0,철도용지,5770.0,가능,39.48,137407.0,25071.0,0
18984,강원본부,충청북도 제천시 고명동 881-1,중앙선,73,활용,미사용,계획 없음,5.0,철도용지,9730.0,가능,39.48,98142.0,17906.0,0
18986,강원본부,충청북도 제천시 고명동 산 36-2,중앙선,2083,활용,미사용,계획 없음,160.0,철도용지,17800.0,가능,39.48,3140700.0,562931.0,1
18987,강원본부,충청북도 제천시 고명동 산 36-3,중앙선,198,활용,미사용,계획 없음,15.0,철도용지,23200.0,가능,39.48,294438.0,53722.0,0
18988,강원본부,충청북도 제천시 고명동 산 48-3,중앙선,2182,활용,미사용,계획 없음,168.0,철도용지,5770.0,가능,39.48,3297737.0,590379.0,1
18989,강원본부,충청북도 제천시 고명동 산 48-5,중앙선,496,활용,미사용,계획 없음,38.0,철도용지,5770.0,가능,39.48,745917.0,136099.0,0
18990,강원본부,충청북도 제천시 고명동 산 49-3,중앙선,2876,활용,미사용,계획 없음,221.0,철도용지,16100.0,가능,39.48,4338093.0,771296.0,1
18991,강원본부,충청북도 제천시 고명동 산 49-5,중앙선,496,활용,미사용,계획 없음,38.0,철도용지,22000.0,가능,39.48,745917.0,136099.0,0
18992,강원본부,충청북도 제천시 고명동 산 49-6,중앙선,1091,활용,미사용,계획 없음,84.0,철도용지,5770.0,가능,39.48,1648876.0,300852.0,0
18993,강원본부,충청북도 제천시 고명동 산 49-7,중앙선,496,활용,미사용,계획 없음,38.0,철도용지,22000.0,가능,39.48,745917.0,136099.0,0
18994,강원본부,충청북도 제천시 대랑동 175-1,중앙선,321,활용,미사용,계획 없음,24.0,철도용지,18600.0,가능,39.17,467409.0,85283.0,0
18995,강원본부,충청북도 제천시 대랑동 185-2,중앙선,500,활용,미사용,계획 없음,38.0,철도용지,18500.0,가능,39.17,740071.0,135032.0,0
18997,강원본부,충청북도 제천시 대랑동 192,중앙선,1257,활용,미사용,계획 없음,96.0,철도용지,18600.0,가능,39.17,1869640.0,341133.0,0
19001,강원본부,충청북도 제천시 대랑동 223-6,중앙선,995,활용,미사용,계획 없음,76.0,철도용지,19700.0,가능,39.17,1480127.0,270062.0,0
19003,강원본부,충청북도 제천시 대랑동 254-2,중앙선,4367,활용,미사용,계획 없음,336.0,철도용지,47200.0,가능,39.17,6543722.0,1154849.0,1
19006,강원본부,충청북도 제천시 대랑동 260-14,중앙선,347,활용,미사용,계획 없음,26.0,답,7090.0,가능,39.17,506362.0,92390.0,0
19007,강원본부,충청북도 제천시 대랑동 260-2,중앙선,126,활용,미사용,계획 없음,9.0,답,7090.0,가능,39.17,175273.0,31980.0,0
19008,강원본부,충청북도 제천시 대랑동 260-3,중앙선,628,활용,미사용,계획 없음,48.0,도로,7090.0,가능,39.17,934814.0,170565.0,0
19009,강원본부,충청북도 제천시 대랑동 260-4,중앙선,3421,활용,미사용,계획 없음,263.0,철도용지,63500.0,가능,39.17,5122021.0,907636.0,1
19010,강원본부,충청북도 제천시 대랑동 260-5,중앙선,20,활용,미사용,계획 없음,1.0,도로,7090.0,가능,39.17,19475.0,3553.0,0
19011,강원본부,충청북도 제천시 대랑동 260-8,중앙선,26,활용,미사용,계획 없음,2.0,도로,7090.0,가능,39.17,38967.0,7109.0,0
19012,강원본부,충청북도 제천시 대랑동 261-2,중앙선,747,활용,미사용,계획 없음,57.0,도로,7090.0,가능,39.17,1110094.0,202546.0,0
19013,강원본부,충청북도 제천시 대랑동 261-4,중앙선,99,활용,미사용,계획 없음,7.0,답,7090.0,가능,39.17,136326.0,24873.0,0
19014,강원본부,충청북도 제천시 대랑동 262-2,중앙선,40,활용,미사용,계획 없음,3.0,철도용지,19700.0,가능,39.17,58417.0,10658.0,0
19015,강원본부,충청북도 제천시 대랑동 267-1,중앙선,267,활용,미사용,계획 없음,20.0,철도용지,19700.0,가능,39.17,389509.0,71069.0,0
19016,강원본부,충청북도 제천시 대랑동 267-3,중앙선,361,활용,미사용,계획 없음,27.0,철도용지,19700.0,가능,39.17,525834.0,95943.0,0
19017,강원본부,충청북도 제천시 대랑동 285-1,중앙선,450,활용,미사용,계획 없음,34.0,철도용지,4950.0,가능,39.17,662162.0,120817.0,0
19018,강원본부,충청북도 제천시 대랑동 290-3,중앙선,592,활용,미사용,계획 없음,45.0,답,7090.0,가능,39.17,876389.0,159905.0,0
19019,강원본부,충청북도 제천시 대랑동 291-2,중앙선,364,활용,미사용,계획 없음,28.0,답,7090.0,가능,39.17,545317.0,99498.0,0
19020,강원본부,충청북도 제천시 대랑동 34-1,중앙선,364,활용,미사용,계획 없음,28.0,철도용지,16300.0,가능,39.17,545317.0,99498.0,0
19021,강원본부,충청북도 제천시 대랑동 35-2,중앙선,1494,활용,미사용,계획 없음,115.0,철도용지,19100.0,가능,39.17,2239666.0,406084.0,1
19022,강원본부,충청북도 제천시 대랑동 41-4,중앙선,248,활용,미사용,계획 없음,19.0,도로,16600.0,가능,39.17,370032.0,67515.0,0
19023,강원본부,충청북도 제천시 대랑동 42-2,중앙선,635,활용,미사용,계획 없음,48.0,철도용지,17300.0,가능,39.17,934814.0,170565.0,0
19025,강원본부,충청북도 제천시 대랑동 72-3,중앙선,922,활용,미사용,계획 없음,70.0,철도용지,18300.0,가능,39.17,1363270.0,248741.0,0
19026,강원본부,충청북도 제천시 대랑동 72-4,중앙선,387,활용,미사용,계획 없음,29.0,철도용지,16400.0,가능,39.17,564787.0,103050.0,0
19027,강원본부,충청북도 제천시 대랑동 산 10-4,중앙선,694,활용,미사용,계획 없음,53.0,임야,7090.0,가능,39.17,1032191.0,188332.0,0
19028,강원본부,충청북도 제천시 대랑동 산 11-1,중앙선,992,활용,미사용,계획 없음,76.0,철도용지,4950.0,가능,39.17,1480127.0,270062.0,0
19029,강원본부,충청북도 제천시 대랑동 산 21-1,중앙선,22268,활용,미사용,계획 없음,1714.0,철도용지,17700.0,가능,39.17,33380782.0,5823187.0,2
19030,강원본부,충청북도 제천시 대랑동 산 27-1,중앙선,298,활용,미사용,계획 없음,22.0,철도용지,19700.0,가능,39.17,428460.0,78176.0,0
19031,강원본부,충청북도 제천시 대랑동 산 27-3,중앙선,2182,활용,미사용,계획 없음,168.0,철도용지,18500.0,가능,39.17,3271863.0,585747.0,1
19032,강원본부,충청북도 제천시 대랑동 산 27-4,중앙선,793,활용,미사용,계획 없음,61.0,철도용지,18500.0,가능,39.17,1187995.0,216760.0,0
19033,강원본부,충청북도 제천시 대랑동 산 27-5,중앙선,298,활용,미사용,계획 없음,22.0,철도용지,18500.0,가능,39.17,428460.0,78176.0,0
19034,강원본부,충청북도 제천시 대랑동 산 28-1,중앙선,69,활용,미사용,계획 없음,5.0,철도용지,17000.0,가능,39.17,97379.0,17767.0,0
19035,강원본부,충청북도 제천시 대랑동 산 29-2,중앙선,1091,활용,미사용,계획 없음,84.0,철도용지,18500.0,가능,39.17,1635938.0,298491.0,0
19036,강원본부,충청북도 제천시 대랑동 산 29-4,중앙선,1686,활용,미사용,계획 없음,129.0,철도용지,18500.0,가능,39.17,2512325.0,453604.0,1
19038,강원본부,충청북도 제천시 대랑동 산 31-2,중앙선,5653,활용,미사용,계획 없음,435.0,철도용지,17100.0,가능,39.17,8471789.0,1490091.0,1
19039,강원본부,충청북도 제천시 대랑동 산 38-2,중앙선,9520,활용,미사용,계획 없음,733.0,철도용지,6430.0,가능,39.17,14275440.0,2499994.0,2
19042,강원본부,충청북도 단양군 매포읍 가평리 110-2,중앙선,1022,기타,미사용,계획 없음,78.0,철도용지,6930.0,가능,37.79,1465629.0,267417.0,0
19043,강원본부,충청북도 단양군 매포읍 가평리 111-1,중앙선,3666,기타,미사용,계획 없음,282.0,철도용지,10300.0,가능,37.79,5298788.0,937611.0,1
19044,강원본부,충청북도 단양군 매포읍 가평리 113-1,중앙선,1448,기타,미사용,계획 없음,111.0,철도용지,10300.0,가능,37.79,2085685.0,378784.0,0
19045,강원본부,충청북도 단양군 매포읍 가평리 115-1,중앙선,96,기타,미사용,계획 없음,7.0,전,5440.0,가능,37.79,131530.0,23998.0,0
19047,강원본부,충청북도 단양군 매포읍 가평리 119-1,중앙선,764,기타,미사용,계획 없음,58.0,철도용지,5440.0,가능,37.79,1089821.0,198847.0,0
19048,강원본부,충청북도 단양군 매포읍 가평리 119-3,중앙선,89,기타,미사용,계획 없음,6.0,철도용지,5440.0,가능,37.79,112735.0,20569.0,0
19049,강원본부,충청북도 단양군 매포읍 가평리 120-2,중앙선,1008,기타,미사용,계획 없음,77.0,철도용지,5440.0,가능,37.79,1446833.0,263987.0,0
19050,강원본부,충청북도 단양군 매포읍 가평리 121-2,중앙선,13,기타,미사용,계획 없음,1.0,철도용지,5440.0,가능,37.79,18794.0,3429.0,0
19051,강원본부,충청북도 단양군 매포읍 가평리 121-3,중앙선,139,기타,미사용,계획 없음,10.0,철도용지,5440.0,가능,37.79,187902.0,34284.0,0
19052,강원본부,충청북도 단양군 매포읍 가평리 122-2,중앙선,56,기타,미사용,계획 없음,4.0,철도용지,5440.0,가능,37.79,75158.0,13713.0,0
19053,강원본부,충청북도 단양군 매포읍 가평리 285-2,중앙선,707,기타,미사용,계획 없음,54.0,답,1810.0,가능,37.79,1014661.0,185134.0,0
19054,강원본부,충청북도 단양군 매포읍 가평리 285-3,중앙선,56,기타,미사용,계획 없음,4.0,철도용지,1810.0,가능,37.79,75158.0,13713.0,0
19055,강원본부,충청북도 단양군 매포읍 가평리 288-12,중앙선,43,기타,미사용,계획 없음,3.0,답,2670.0,가능,37.79,56371.0,10285.0,0
19056,강원본부,충청북도 단양군 매포읍 가평리 288-4,중앙선,1094,기타,미사용,계획 없음,84.0,철도용지,1810.0,가능,37.79,1578366.0,287987.0,0
19057,강원본부,충청북도 단양군 매포읍 가평리 288-5,중앙선,93,기타,미사용,계획 없음,7.0,철도용지,1810.0,가능,37.79,131530.0,23998.0,0
19058,강원본부,충청북도 단양군 매포읍 가평리 289-4,중앙선,112,기타,미사용,계획 없음,8.0,답,2670.0,가능,37.79,150314.0,27426.0,0
19059,강원본부,충청북도 단양군 매포읍 가평리 289-5,중앙선,53,기타,미사용,계획 없음,4.0,답,2670.0,가능,37.79,75158.0,13713.0,0
19060,강원본부,충청북도 단양군 매포읍 가평리 289-7,중앙선,73,기타,미사용,계획 없음,5.0,철도용지,1810.0,가능,37.79,93946.0,17141.0,0
19061,강원본부,충청북도 단양군 매포읍 가평리 290,중앙선,635,기타,미사용,계획 없음,48.0,철도용지,2540.0,가능,37.79,901922.0,164563.0,0
19062,강원본부,충청북도 단양군 매포읍 가평리 475-7,중앙선,382,기타,미사용,계획 없음,29.0,철도용지,3790.0,가능,37.79,544913.0,99424.0,0
19063,강원본부,충청북도 단양군 매포읍 가평리 476-3,중앙선,522,기타,미사용,계획 없음,40.0,철도용지,10300.0,가능,37.79,751600.0,137136.0,0
19064,강원본부,충청북도 단양군 매포읍 가평리 482-8,중앙선,183,기타,미사용,계획 없음,14.0,철도용지,7840.0,가능,37.79,263064.0,47998.0,0
19065,강원본부,충청북도 단양군 매포읍 가평리 483-3,중앙선,76,기타,미사용,계획 없음,5.0,철도용지,5440.0,가능,37.79,93946.0,17141.0,0
19066,강원본부,충청북도 단양군 매포읍 가평리 483-4,중앙선,393,기타,미사용,계획 없음,30.0,철도용지,3040.0,가능,37.79,563701.0,102852.0,0
19067,강원본부,충청북도 단양군 매포읍 가평리 산 24-1,중앙선,7828,기타,미사용,계획 없음,602.0,철도용지,5440.0,가능,37.79,11311591.0,1983825.0,2
19068,강원본부,충청북도 단양군 매포읍 가평리 산 47-1,중앙선,298,기타,미사용,계획 없음,22.0,철도용지,990.0,가능,37.79,413382.0,75425.0,0
19069,강원본부,충청북도 단양군 매포읍 가평리 산 47-3,중앙선,50,기타,미사용,계획 없음,3.0,철도용지,990.0,가능,37.79,56371.0,10285.0,0
19070,강원본부,충청북도 단양군 매포읍 가평리 산 48-1,중앙선,4066,기타,미사용,계획 없음,313.0,철도용지,990.0,가능,37.79,5881283.0,1038938.0,1
19071,강원본부,충청북도 단양군 매포읍 고양리 352-2,중앙선,73,기타,미사용,계획 없음,5.0,철도용지,17100.0,가능,37.79,93946.0,17141.0,0
19072,강원본부,충청북도 단양군 매포읍 고양리 352-23,중앙선,72,기타,미사용,계획 없음,5.0,도로,17100.0,가능,37.79,93946.0,17141.0,0
19073,강원본부,충청북도 단양군 매포읍 고양리 352-3,중앙선,153,기타,미사용,계획 없음,11.0,도로,17100.0,가능,37.79,206684.0,37711.0,0
19074,강원본부,충청북도 단양군 매포읍 고양리 352-5,중앙선,40,기타,미사용,계획 없음,3.0,철도용지,17100.0,가능,37.79,56371.0,10285.0,0
19075,강원본부,충청북도 단양군 매포읍 고양리 353-1,중앙선,56,기타,미사용,계획 없음,4.0,전,2670.0,가능,37.79,75158.0,13713.0,0
19076,강원본부,충청북도 단양군 매포읍 고양리 353-2,중앙선,13,기타,미사용,계획 없음,1.0,도로,2670.0,가능,37.79,18794.0,3429.0,0
19077,강원본부,충청북도 단양군 매포읍 고양리 354-3,중앙선,33,기타,미사용,계획 없음,2.0,임야,2970.0,가능,37.79,37571.0,6855.0,0
19078,강원본부,충청북도 단양군 매포읍 고양리 354-5,중앙선,33,기타,미사용,계획 없음,2.0,전,2670.0,가능,37.79,37571.0,6855.0,0
19079,강원본부,충청북도 단양군 매포읍 고양리 354-6,중앙선,33,기타,미사용,계획 없음,2.0,전,2670.0,가능,37.79,37571.0,6855.0,0
19080,강원본부,충청북도 단양군 매포읍 고양리 368-2,중앙선,56,기타,미사용,계획 없음,4.0,철도용지,2670.0,가능,37.79,75158.0,13713.0,0
19081,강원본부,충청북도 단양군 매포읍 고양리 368-3,중앙선,43,기타,미사용,계획 없음,3.0,철도용지,2670.0,가능,37.79,56371.0,10285.0,0
19082,강원본부,충청북도 단양군 매포읍 고양리 369-2,중앙선,1874,기타,미사용,계획 없음,144.0,철도용지,6150.0,가능,37.79,2705772.0,486581.0,0
19083,강원본부,충청북도 단양군 매포읍 고양리 371-1,중앙선,450,기타,미사용,계획 없음,34.0,철도용지,6120.0,가능,37.79,638863.0,116566.0,0
19084,강원본부,충청북도 단양군 매포읍 고양리 371-3,중앙선,202,기타,미사용,계획 없음,15.0,철도용지,8530.0,가능,37.79,281850.0,51426.0,0
19085,강원본부,충청북도 단양군 매포읍 고양리 371-6,중앙선,356,기타,미사용,계획 없음,27.0,철도용지,7790.0,가능,37.79,507328.0,92566.0,0
19087,강원본부,충청북도 단양군 매포읍 고양리 372-4,중앙선,365,기타,미사용,계획 없음,28.0,철도용지,6100.0,가능,37.79,526117.0,95994.0,0
19088,강원본부,충청북도 단양군 매포읍 고양리 372-8,중앙선,121,기타,미사용,계획 없음,9.0,임야,3730.0,가능,37.79,169113.0,30856.0,0
19089,강원본부,충청북도 단양군 매포읍 고양리 372-9,중앙선,169,기타,미사용,계획 없음,13.0,도로,6280.0,가능,37.79,244265.0,44568.0,0
19090,강원본부,충청북도 단양군 매포읍 고양리 373-15,중앙선,433,기타,미사용,계획 없음,33.0,도로,17100.0,가능,37.79,620067.0,113136.0,0
19092,강원본부,충청북도 단양군 매포읍 고양리 373-4,중앙선,175,기타,미사용,계획 없음,13.0,도로,17100.0,가능,37.79,244265.0,44568.0,0
19093,강원본부,충청북도 단양군 매포읍 고양리 373-6,중앙선,543,기타,미사용,계획 없음,41.0,전,17100.0,가능,37.79,770389.0,140564.0,0
19094,강원본부,충청북도 단양군 매포읍 고양리 374-1,중앙선,46,기타,미사용,계획 없음,3.0,철도용지,6100.0,가능,37.79,56371.0,10285.0,0
19095,강원본부,충청북도 단양군 매포읍 고양리 375-13,중앙선,405,기타,미사용,계획 없음,31.0,전,22900.0,가능,37.79,582489.0,106280.0,0
19098,강원본부,충청북도 단양군 매포읍 고양리 375-7,중앙선,300,기타,미사용,계획 없음,23.0,전,22900.0,가능,37.79,432175.0,78854.0,0
19099,강원본부,충청북도 단양군 매포읍 고양리 375-8,중앙선,93,기타,미사용,계획 없음,7.0,도로,6100.0,가능,37.79,131530.0,23998.0,0
19100,강원본부,충청북도 단양군 매포읍 고양리 산 1-2,중앙선,1190,기타,미사용,계획 없음,91.0,철도용지,6100.0,가능,37.79,1709887.0,311984.0,0
19101,강원본부,충청북도 단양군 매포읍 고양리 산 31-2,중앙선,3967,기타,미사용,계획 없음,305.0,철도용지,6100.0,가능,37.79,5730957.0,1012868.0,1
19103,강원본부,충청북도 단양군 매포읍 김산리 243-5,중앙선,258,기타,미사용,계획 없음,19.0,철도용지,445.0,가능,37.79,357013.0,65140.0,0
19104,강원본부,충청북도 단양군 매포읍 김산리 244-1,중앙선,281,기타,미사용,계획 없음,21.0,전,2290.0,가능,37.79,394587.0,71996.0,0
19105,강원본부,충청북도 단양군 매포읍 김산리 244-2,중앙선,635,기타,미사용,계획 없음,48.0,철도용지,2240.0,가능,37.79,901922.0,164563.0,0
19106,강원본부,충청북도 단양군 매포읍 김산리 245-2,중앙선,331,기타,미사용,계획 없음,25.0,철도용지,1550.0,가능,37.79,469746.0,85709.0,0
19107,강원본부,충청북도 단양군 매포읍 김산리 245-3,중앙선,165,기타,미사용,계획 없음,12.0,철도용지,1050.0,가능,37.79,225482.0,41141.0,0
19108,강원본부,충청북도 단양군 매포읍 김산리 245-4,중앙선,585,기타,미사용,계획 없음,45.0,철도용지,901.0,가능,37.79,845549.0,154278.0,0
19112,강원본부,충청북도 단양군 매포읍 삼곡리 429-10,중앙선,873,기타,미사용,계획 없음,67.0,철도용지,7610.0,가능,37.79,1258934.0,229704.0,0
19113,강원본부,충청북도 단양군 매포읍 삼곡리 435-1,중앙선,685,기타,미사용,계획 없음,52.0,철도용지,6100.0,가능,37.79,977086.0,178278.0,0
19114,강원본부,충청북도 단양군 매포읍 삼곡리 산 4-2,중앙선,893,기타,미사용,계획 없음,68.0,철도용지,6100.0,가능,37.79,1277721.0,233131.0,0
19115,강원본부,충청북도 단양군 매포읍 삼곡리 산 4-3,중앙선,33,기타,미사용,계획 없음,2.0,철도용지,6100.0,가능,37.79,37571.0,6855.0,0
19116,강원본부,충청북도 단양군 매포읍 상시리 103-2,중앙선,112,기타,미사용,계획 없음,8.0,철도용지,5110.0,가능,37.79,150314.0,27426.0,0
19117,강원본부,충청북도 단양군 매포읍 상시리 106-2,중앙선,1385,기타,미사용,계획 없음,106.0,철도용지,4780.0,가능,37.79,1991745.0,362399.0,0
19118,강원본부,충청북도 단양군 매포읍 상시리 109-2,중앙선,605,기타,미사용,계획 없음,46.0,철도용지,5110.0,가능,37.79,864344.0,157707.0,0
19119,강원본부,충청북도 단양군 매포읍 상시리 115-2,중앙선,354,기타,미사용,계획 없음,27.0,철도용지,6170.0,가능,37.79,507328.0,92566.0,0
19120,강원본부,충청북도 단양군 매포읍 상시리 116-2,중앙선,36,기타,미사용,계획 없음,2.0,철도용지,6170.0,가능,37.79,37571.0,6855.0,0
19121,강원본부,충청북도 단양군 매포읍 상시리 142-1,중앙선,30,기타,미사용,계획 없음,2.0,철도용지,2670.0,가능,37.79,37571.0,6855.0,0
19122,강원본부,충청북도 단양군 매포읍 상시리 145-1,중앙선,13,기타,미사용,계획 없음,1.0,철도용지,5110.0,가능,37.79,18794.0,3429.0,0
19123,강원본부,충청북도 단양군 매포읍 상시리 145-5,중앙선,747,기타,미사용,계획 없음,57.0,답,5110.0,가능,37.79,1071030.0,195419.0,0
19124,강원본부,충청북도 단양군 매포읍 상시리 146-1,중앙선,152,기타,미사용,계획 없음,11.0,철도용지,5110.0,가능,37.79,206684.0,37711.0,0
19125,강원본부,충청북도 단양군 매포읍 상시리 147-1,중앙선,46,기타,미사용,계획 없음,3.0,철도용지,5110.0,가능,37.79,56371.0,10285.0,0
19126,강원본부,충청북도 단양군 매포읍 상시리 147-2,중앙선,56,기타,미사용,계획 없음,4.0,철도용지,6170.0,가능,37.79,75158.0,13713.0,0
19127,강원본부,충청북도 단양군 매포읍 상시리 148-1,중앙선,169,기타,미사용,계획 없음,13.0,철도용지,6260.0,가능,37.79,244265.0,44568.0,0
19128,강원본부,충청북도 단양군 매포읍 상시리 148-2,중앙선,23,기타,미사용,계획 없음,1.0,철도용지,6330.0,가능,37.79,18794.0,3429.0,0
19129,강원본부,충청북도 단양군 매포읍 상시리 148-4,중앙선,60,기타,미사용,계획 없음,4.0,철도용지,6170.0,가능,37.79,75158.0,13713.0,0
19131,강원본부,충청북도 단양군 매포읍 상시리 149-1,중앙선,3778,기타,미사용,계획 없음,290.0,철도용지,5090.0,가능,37.79,5449104.0,963748.0,1
19133,강원본부,충청북도 단양군 매포읍 상시리 179-3,중앙선,93,기타,미사용,계획 없음,7.0,철도용지,5110.0,가능,37.79,131530.0,23998.0,0
19134,강원본부,충청북도 단양군 매포읍 상시리 179-4,중앙선,50,기타,미사용,계획 없음,3.0,철도용지,5110.0,가능,37.79,56371.0,10285.0,0
19135,강원본부,충청북도 단양군 매포읍 상시리 179-5,중앙선,215,기타,미사용,계획 없음,16.0,철도용지,7450.0,가능,37.79,300646.0,54855.0,0
19136,강원본부,충청북도 단양군 매포읍 상시리 179-6,중앙선,165,기타,미사용,계획 없음,12.0,철도용지,5110.0,가능,37.79,225482.0,41141.0,0
19137,강원본부,충청북도 단양군 매포읍 상시리 179-7,중앙선,99,기타,미사용,계획 없음,7.0,철도용지,5110.0,가능,37.79,131530.0,23998.0,0
19138,강원본부,충청북도 단양군 매포읍 상시리 179-8,중앙선,17,기타,미사용,계획 없음,1.0,철도용지,5110.0,가능,37.79,18794.0,3429.0,0
19139,강원본부,충청북도 단양군 매포읍 상시리 253-5,중앙선,539,기타,미사용,계획 없음,41.0,철도용지,5110.0,가능,37.79,770389.0,140564.0,0
19140,강원본부,충청북도 단양군 매포읍 상시리 253-7,중앙선,36,기타,미사용,계획 없음,2.0,철도용지,5110.0,가능,37.79,37571.0,6855.0,0
19141,강원본부,충청북도 단양군 매포읍 상시리 260-2,중앙선,2493,기타,미사용,계획 없음,191.0,철도용지,5110.0,가능,37.79,3588900.0,640222.0,1
19142,강원본부,충청북도 단양군 매포읍 상시리 264-6,중앙선,1266,기타,미사용,계획 없음,97.0,철도용지,12600.0,가능,37.79,1822634.0,332556.0,0
19144,강원본부,충청북도 단양군 매포읍 상시리 269-1,중앙선,1341,기타,미사용,계획 없음,103.0,철도용지,5110.0,가능,37.79,1935379.0,352635.0,0
19146,강원본부,충청북도 단양군 매포읍 상시리 372-1,중앙선,289,기타,미사용,계획 없음,22.0,철도용지,6170.0,가능,37.79,413382.0,75425.0,0
19147,강원본부,충청북도 단양군 매포읍 상시리 375-1,중앙선,91,기타,미사용,계획 없음,7.0,철도용지,6170.0,가능,37.79,131530.0,23998.0,0
19148,강원본부,충청북도 단양군 매포읍 상시리 379-1,중앙선,283,기타,미사용,계획 없음,21.0,철도용지,2670.0,가능,37.79,394587.0,71996.0,0
19149,강원본부,충청북도 단양군 매포읍 상시리 385-5,중앙선,73,기타,미사용,계획 없음,5.0,철도용지,5110.0,가능,37.79,93946.0,17141.0,0
19151,강원본부,충청북도 단양군 매포읍 상시리 397-3,중앙선,137,기타,미사용,계획 없음,10.0,철도용지,5110.0,가능,37.79,187902.0,34284.0,0
19152,강원본부,충청북도 단양군 매포읍 상시리 398-5,중앙선,71,기타,미사용,계획 없음,5.0,철도용지,10600.0,가능,37.79,93946.0,17141.0,0
19154,강원본부,충청북도 단양군 매포읍 상시리 산 33-2,중앙선,496,기타,미사용,계획 없음,38.0,임야,5110.0,가능,37.79,714020.0,130279.0,0
19155,강원본부,충청북도 단양군 매포읍 상시리 산 33-3,중앙선,397,기타,미사용,계획 없음,30.0,철도용지,5110.0,가능,37.79,563701.0,102852.0,0
19157,강원본부,충청북도 단양군 매포읍 상시리 산 41-4,중앙선,99,기타,미사용,계획 없음,7.0,철도용지,5110.0,가능,37.79,131530.0,23998.0,0
19158,강원본부,충청북도 단양군 매포읍 상시리 산 42-1,중앙선,1190,기타,미사용,계획 없음,91.0,철도용지,5110.0,가능,37.79,1709887.0,311984.0,0
19159,강원본부,충청북도 단양군 매포읍 상시리 산 7-2,중앙선,893,기타,미사용,계획 없음,68.0,철도용지,5110.0,가능,37.79,1277721.0,233131.0,0
19160,강원본부,충청북도 단양군 매포읍 상시리 산 9-2,중앙선,5287,기타,미사용,계획 없음,407.0,철도용지,5110.0,가능,37.79,7647546.0,1346412.0,1
19161,강원본부,충청북도 단양군 매포읍 안동리 122-2,중앙선,4473,기타,미사용,계획 없음,344.0,철도용지,2670.0,가능,37.79,6463770.0,1140465.0,1
19162,강원본부,충청북도 단양군 매포읍 안동리 167-1,중앙선,2238,기타,미사용,계획 없음,172.0,철도용지,6100.0,가능,37.79,3231879.0,578177.0,1
19163,강원본부,충청북도 단양군 매포읍 안동리 176-2,중앙선,863,기타,미사용,계획 없음,66.0,철도용지,2540.0,가능,37.79,1240139.0,226274.0,0
19164,강원본부,충청북도 단양군 매포읍 안동리 225-2,중앙선,3411,기타,미사용,계획 없음,262.0,철도용지,4120.0,가능,37.79,4922989.0,872367.0,1
19165,강원본부,충청북도 단양군 매포읍 안동리 230-2,중앙선,2493,기타,미사용,계획 없음,191.0,철도용지,4120.0,가능,37.79,3588900.0,640222.0,1
19166,강원본부,충청북도 단양군 매포읍 안동리 272,중앙선,5654,기타,미사용,계획 없음,435.0,철도용지,7420.0,가능,37.79,8173660.0,1437653.0,1
19167,강원본부,충청북도 단양군 매포읍 안동리 285-1,중앙선,5478,기타,미사용,계획 없음,421.0,철도용지,7420.0,가능,37.79,7910602.0,1392055.0,1
19168,강원본부,충청북도 단양군 매포읍 안동리 296-2,중앙선,840,기타,미사용,계획 없음,64.0,철도용지,2400.0,가능,37.79,1202563.0,219418.0,0
19169,강원본부,충청북도 단양군 매포읍 안동리 297-2,중앙선,251,기타,미사용,계획 없음,19.0,철도용지,2560.0,가능,37.79,357013.0,65140.0,0
19170,강원본부,충청북도 단양군 매포읍 안동리 342-1,중앙선,57,기타,미사용,계획 없음,4.0,철도용지,2670.0,가능,37.79,75158.0,13713.0,0
19171,강원본부,충청북도 단양군 매포읍 안동리 343-5,중앙선,295,기타,미사용,계획 없음,22.0,철도용지,2670.0,가능,37.79,413382.0,75425.0,0
19172,강원본부,충청북도 단양군 매포읍 안동리 산 13-3,중앙선,99,기타,미사용,계획 없음,7.0,철도용지,346.0,가능,37.79,131530.0,23998.0,0
19173,강원본부,충청북도 단양군 매포읍 안동리 산 13-4,중앙선,46,기타,미사용,계획 없음,3.0,철도용지,346.0,가능,37.79,56371.0,10285.0,0
19174,강원본부,충청북도 단양군 매포읍 안동리 산 13-5,중앙선,496,기타,미사용,계획 없음,38.0,철도용지,346.0,가능,37.79,714020.0,130279.0,0
19175,강원본부,충청북도 단양군 매포읍 안동리 산 15-1,중앙선,3769,기타,미사용,계획 없음,290.0,철도용지,346.0,가능,37.79,5449104.0,963748.0,1
19176,강원본부,충청북도 단양군 매포읍 안동리 산 17-1,중앙선,99,기타,미사용,계획 없음,7.0,철도용지,1620.0,가능,37.79,131530.0,23998.0,0
19177,강원본부,충청북도 단양군 매포읍 안동리 산 27-2,중앙선,1785,기타,미사용,계획 없음,137.0,철도용지,346.0,가능,37.79,2574234.0,463690.0,0
19178,강원본부,충청북도 단양군 매포읍 안동리 산 28-2,중앙선,198,기타,미사용,계획 없음,15.0,철도용지,6350.0,가능,37.79,281850.0,51426.0,0
19179,강원본부,충청북도 단양군 매포읍 영천리 313-2,중앙선,129,기타,미사용,계획 없음,9.0,철도용지,6930.0,가능,37.79,169113.0,30856.0,0
19180,강원본부,충청북도 단양군 매포읍 영천리 314-3,중앙선,3282,기타,미사용,계획 없음,252.0,철도용지,4950.0,가능,37.79,4735084.0,839671.0,1
19181,강원본부,충청북도 단양군 매포읍 영천리 433-3,중앙선,2936,기타,미사용,계획 없음,226.0,철도용지,3250.0,가능,37.79,4246542.0,754658.0,1
19182,강원본부,충청북도 단양군 매포읍 영천리 435-1,중앙선,674,기타,미사용,계획 없음,51.0,철도용지,6450.0,가능,37.79,958297.0,174850.0,0
19183,강원본부,충청북도 단양군 매포읍 영천리 442-2,중앙선,943,기타,미사용,계획 없음,72.0,철도용지,2430.0,가능,37.79,1352874.0,246844.0,0
19184,강원본부,충청북도 단양군 매포읍 영천리 444-2,중앙선,145,기타,미사용,계획 없음,11.0,철도용지,2860.0,가능,37.79,206684.0,37711.0,0
19186,강원본부,충청북도 단양군 매포읍 영천리 446-5,중앙선,1452,기타,미사용,계획 없음,111.0,철도용지,3040.0,가능,37.79,2085685.0,378784.0,0
19187,강원본부,충청북도 단양군 매포읍 영천리 464-1,중앙선,488,기타,미사용,계획 없음,37.0,철도용지,2550.0,가능,37.79,695226.0,126850.0,0
19188,강원본부,충청북도 단양군 매포읍 영천리 464-3,중앙선,47,기타,미사용,계획 없음,3.0,철도용지,3660.0,가능,37.79,56371.0,10285.0,0
19189,강원본부,충청북도 단양군 매포읍 영천리 산 52-1,중앙선,198,기타,미사용,계획 없음,15.0,철도용지,3960.0,가능,37.79,281850.0,51426.0,0
19190,강원본부,충청북도 단양군 매포읍 영천리 산 52-3,중앙선,3174,기타,미사용,계획 없음,244.0,철도용지,3690.0,가능,37.79,4584767.0,813404.0,1
19191,강원본부,충청북도 단양군 매포읍 영천리 산 52-4,중앙선,2777,기타,미사용,계획 없음,213.0,철도용지,3870.0,가능,37.79,4002278.0,712098.0,1
19192,강원본부,충청북도 단양군 매포읍 영천리 산 52-5,중앙선,2281,기타,미사용,계획 없음,175.0,철도용지,5930.0,가능,37.79,3288253.0,587984.0,1
19193,강원본부,충청북도 단양군 매포읍 영천리 산 54-2,중앙선,5653,기타,미사용,계획 없음,435.0,철도용지,6930.0,가능,37.79,8173660.0,1437653.0,1
19195,강원본부,충청북도 단양군 매포읍 하시리 137-2,중앙선,559,기타,미사용,계획 없음,43.0,철도용지,7090.0,가능,37.79,807970.0,147421.0,0
19196,강원본부,충청북도 단양군 매포읍 하시리 233-1,중앙선,678,기타,미사용,계획 없음,52.0,철도용지,3300.0,가능,37.79,977086.0,178278.0,0
19197,강원본부,충청북도 단양군 매포읍 하시리 산 2-2,중앙선,1587,기타,미사용,계획 없음,122.0,철도용지,429.0,가능,37.79,2292384.0,414671.0,0
19198,강원본부,충청북도 단양군 매포읍 하시리 산 3-2,중앙선,893,기타,미사용,계획 없음,68.0,철도용지,429.0,가능,37.79,1277721.0,233131.0,0
19199,강원본부,충청북도 단양군 매포읍 하시리 산 4-2,중앙선,694,기타,미사용,계획 없음,53.0,철도용지,429.0,가능,37.79,995872.0,181706.0,0
19200,강원본부,충청북도 단양군 매포읍 하시리 산 59-2,중앙선,694,기타,미사용,계획 없음,53.0,철도용지,4070.0,가능,37.79,995872.0,181706.0,0
19203,강원본부,충청북도 단양군 매포읍 하시리 산 5-2,중앙선,1091,기타,미사용,계획 없음,84.0,철도용지,429.0,가능,37.79,1578366.0,287987.0,0
19205,강원본부,충청북도 단양군 매포읍 하시리 산 7-2,중앙선,1884,기타,미사용,계획 없음,145.0,철도용지,429.0,가능,37.79,2724546.0,489842.0,0
19206,강원본부,경상북도 영주시 문수면 승문리 1255,중앙선,2838,활용,미사용,계획 없음,218.0,철도용지,9900.0,가능,34.440000000000005,3733636.0,663984.0,0
19207,강원본부,경상북도 영주시 문수면 승문리 1265-2,중앙선,13,활용,미사용,계획 없음,1.0,철도용지,9900.0,가능,34.440000000000005,17123.0,3124.0,0
19208,강원본부,경상북도 영주시 문수면 승문리 1269-1,중앙선,205,활용,미사용,계획 없음,15.0,철도용지,5110.0,가능,34.440000000000005,256906.0,46874.0,0
19209,강원본부,경상북도 영주시 문수면 승문리 1275-1,중앙선,23,활용,미사용,계획 없음,1.0,답,5110.0,가능,34.440000000000005,17123.0,3124.0,0
19211,강원본부,경상북도 영주시 문수면 승문리 1286-1,중앙선,1570,활용,미사용,계획 없음,120.0,철도용지,3790.0,가능,34.440000000000005,2055210.0,372029.0,0
19212,강원본부,경상북도 영주시 문수면 승문리 1287-2,중앙선,1528,활용,미사용,계획 없음,117.0,철도용지,3790.0,가능,34.440000000000005,2003837.0,363070.0,0
19213,강원본부,경상북도 영주시 문수면 승문리 1291-1,중앙선,17,활용,미사용,계획 없음,1.0,철도용지,478.0,가능,34.440000000000005,17123.0,3124.0,0
19214,강원본부,경상북도 영주시 문수면 승문리 1293-1,중앙선,575,활용,미사용,계획 없음,44.0,철도용지,3790.0,가능,34.440000000000005,753583.0,137498.0,0
19215,강원본부,경상북도 영주시 문수면 승문리 1294-2,중앙선,23,활용,미사용,계획 없음,1.0,철도용지,3790.0,가능,34.440000000000005,17123.0,3124.0,0
19216,강원본부,경상북도 영주시 문수면 승문리 1294-3,중앙선,413,활용,미사용,계획 없음,31.0,철도용지,3790.0,가능,34.440000000000005,530937.0,96874.0,0
19218,강원본부,경상북도 영주시 문수면 승문리 1329-3,중앙선,50,활용,미사용,계획 없음,3.0,답,5110.0,가능,34.440000000000005,51382.0,9375.0,0
19219,강원본부,경상북도 영주시 문수면 승문리 1330-4,중앙선,46,활용,미사용,계획 없음,3.0,철도용지,5110.0,가능,34.440000000000005,51382.0,9375.0,0
19220,강원본부,경상북도 영주시 문수면 승문리 1331-3,중앙선,20,활용,미사용,계획 없음,1.0,철도용지,5110.0,가능,34.440000000000005,17123.0,3124.0,0
19222,강원본부,경상북도 영주시 문수면 승문리 1334,중앙선,69,활용,미사용,계획 없음,5.0,철도용지,5110.0,가능,34.440000000000005,85640.0,15625.0,0
19223,강원본부,경상북도 영주시 문수면 승문리 1335-1,중앙선,228,활용,미사용,계획 없음,17.0,철도용지,5110.0,가능,34.440000000000005,291153.0,53123.0,0
19225,강원본부,경상북도 영주시 문수면 승문리 1343,중앙선,2374,활용,미사용,계획 없음,182.0,철도용지,5110.0,가능,34.440000000000005,3117075.0,556714.0,0
19226,강원본부,경상북도 영주시 문수면 승문리 1344-2,중앙선,122,활용,미사용,계획 없음,9.0,철도용지,5110.0,가능,34.440000000000005,154137.0,28123.0,0
19228,강원본부,경상북도 영주시 문수면 승문리 1387-3,중앙선,56,활용,미사용,계획 없음,4.0,철도용지,5110.0,가능,34.440000000000005,68508.0,12499.0,0
19230,강원본부,경상북도 영주시 문수면 승문리 1400-1,중앙선,2598,활용,미사용,계획 없음,200.0,철도용지,5110.0,가능,34.440000000000005,3425361.0,610322.0,0
19231,강원본부,경상북도 영주시 문수면 승문리 1401,중앙선,136,활용,미사용,계획 없음,10.0,철도용지,5110.0,가능,34.440000000000005,171266.0,31249.0,0
19232,강원본부,경상북도 영주시 문수면 승문리 1403-4,중앙선,36,활용,미사용,계획 없음,2.0,철도용지,5110.0,가능,34.440000000000005,34257.0,6250.0,0
19233,강원본부,경상북도 영주시 문수면 승문리 1698-1,중앙선,155,활용,미사용,계획 없음,11.0,철도용지,5110.0,가능,34.440000000000005,188395.0,34374.0,0
19234,강원본부,경상북도 영주시 문수면 승문리 1698-2,중앙선,423,활용,미사용,계획 없음,32.0,철도용지,5110.0,가능,34.440000000000005,548063.0,99999.0,0
19237,강원본부,경상북도 영주시 문수면 승문리 1779-1,중앙선,720,활용,미사용,계획 없음,55.0,철도용지,5110.0,가능,34.440000000000005,941970.0,171871.0,0
19238,강원본부,경상북도 영주시 문수면 승문리 1779-4,중앙선,675,활용,미사용,계획 없음,51.0,철도용지,5110.0,가능,34.440000000000005,873465.0,159371.0,0
19239,강원본부,경상북도 영주시 문수면 승문리 1780-1,중앙선,456,활용,미사용,계획 없음,35.0,철도용지,5110.0,가능,34.440000000000005,599447.0,109374.0,0
19241,강원본부,경상북도 영주시 문수면 승문리 1807-1,중앙선,221,활용,미사용,계획 없음,17.0,철도용지,3790.0,가능,34.440000000000005,291153.0,53123.0,0
19242,강원본부,경상북도 영주시 문수면 승문리 1808-1,중앙선,337,활용,미사용,계획 없음,25.0,철도용지,3790.0,가능,34.440000000000005,428170.0,78123.0,0
19243,강원본부,경상북도 영주시 문수면 승문리 1809-1,중앙선,416,활용,미사용,계획 없음,32.0,철도용지,9150.0,가능,34.440000000000005,548063.0,99999.0,0
19244,강원본부,경상북도 영주시 문수면 승문리 1810,중앙선,53,활용,미사용,계획 없음,4.0,철도용지,9900.0,가능,34.440000000000005,68508.0,12499.0,0
19245,강원본부,경상북도 영주시 문수면 승문리 1811-1,중앙선,80,활용,미사용,계획 없음,6.0,철도용지,9900.0,가능,34.440000000000005,102759.0,18749.0,0
19248,강원본부,경상북도 영주시 문수면 승문리 528-5,중앙선,56,활용,미사용,계획 없음,4.0,철도용지,5280.0,가능,34.440000000000005,68508.0,12499.0,0
19249,강원본부,경상북도 영주시 문수면 승문리 529-3,중앙선,122,활용,미사용,계획 없음,9.0,철도용지,5280.0,가능,34.440000000000005,154137.0,28123.0,0
19250,강원본부,경상북도 영주시 문수면 승문리 530-3,중앙선,46,활용,미사용,계획 없음,3.0,철도용지,3790.0,가능,34.440000000000005,51382.0,9375.0,0
19251,강원본부,경상북도 영주시 문수면 승문리 531-3,중앙선,23,활용,미사용,계획 없음,1.0,철도용지,5280.0,가능,34.440000000000005,17123.0,3124.0,0
19252,강원본부,경상북도 영주시 문수면 승문리 531-4,중앙선,23,활용,미사용,계획 없음,1.0,철도용지,5280.0,가능,34.440000000000005,17123.0,3124.0,0
19256,강원본부,경상북도 영주시 문수면 승문리 산 102-1,중앙선,198,활용,미사용,계획 없음,15.0,철도용지,445.0,가능,34.440000000000005,256906.0,46874.0,0
19257,강원본부,경상북도 영주시 문수면 승문리 산 102-2,중앙선,60,활용,미사용,계획 없음,4.0,철도용지,445.0,가능,34.440000000000005,68508.0,12499.0,0
19258,강원본부,경상북도 영주시 문수면 승문리 산 103-2,중앙선,1686,활용,미사용,계획 없음,129.0,철도용지,455.0,가능,34.440000000000005,2209358.0,398903.0,0
19259,강원본부,경상북도 영주시 문수면 승문리 산 103-4,중앙선,198,활용,미사용,계획 없음,15.0,철도용지,445.0,가능,34.440000000000005,256906.0,46874.0,0
19260,강원본부,경상북도 영주시 문수면 승문리 산 111-2,중앙선,1785,활용,미사용,계획 없음,137.0,철도용지,577.0,가능,34.440000000000005,2346374.0,422646.0,0
19261,강원본부,경상북도 영주시 문수면 승문리 산 111-4,중앙선,198,활용,미사용,계획 없음,15.0,철도용지,577.0,가능,34.440000000000005,256906.0,46874.0,0
19262,강원본부,경상북도 영주시 문수면 승문리 산 112-2,중앙선,298,활용,미사용,계획 없음,22.0,철도용지,577.0,가능,34.440000000000005,376785.0,68747.0,0
19263,강원본부,경상북도 영주시 문수면 승문리 산 112-3,중앙선,1190,활용,미사용,계획 없음,91.0,철도용지,577.0,가능,34.440000000000005,1558534.0,284368.0,0
19267,강원본부,경상북도 영주시 문수면 승문리 산 213-1,중앙선,126,활용,미사용,계획 없음,9.0,철도용지,577.0,가능,34.440000000000005,154137.0,28123.0,0
19268,강원본부,경상북도 영주시 문수면 승문리 산 93-4,중앙선,3273,활용,미사용,계획 없음,252.0,철도용지,445.0,가능,34.440000000000005,4315953.0,765347.0,0
19269,강원본부,경상북도 영주시 문수면 승문리 산 93-6,중앙선,99,활용,미사용,계획 없음,7.0,철도용지,445.0,가능,34.440000000000005,119889.0,21874.0,0
19270,강원본부,경상북도 영주시 문수면 승문리 산 95-1,중앙선,595,활용,미사용,계획 없음,45.0,철도용지,445.0,가능,34.440000000000005,770706.0,140622.0,0
19271,강원본부,경상북도 영주시 문수면 승문리 산 96-2,중앙선,73,활용,미사용,계획 없음,5.0,철도용지,445.0,가능,34.440000000000005,85640.0,15625.0,0
19272,강원본부,경상북도 영주시 문수면 승문리 산 96-3,중앙선,397,활용,미사용,계획 없음,30.0,철도용지,445.0,가능,34.440000000000005,513800.0,93747.0,0
19273,강원본부,경상북도 영주시 문수면 승문리 산 96-5,중앙선,69,활용,미사용,계획 없음,5.0,철도용지,445.0,가능,34.440000000000005,85640.0,15625.0,0
19274,강원본부,경상북도 영주시 문수면 승문리 산 97-1,중앙선,496,활용,미사용,계획 없음,38.0,철도용지,445.0,가능,34.440000000000005,650814.0,118747.0,0
19275,강원본부,경상북도 영주시 문수면 승문리 산 97-2,중앙선,99,활용,미사용,계획 없음,7.0,철도용지,445.0,가능,34.440000000000005,119889.0,21874.0,0
19276,강원본부,경상북도 영주시 평은면 강동리 717-2,중앙선,109,활용,미사용,계획 없음,8.0,철도용지,3460.0,가능,36.16,143862.0,26248.0,0
19277,강원본부,경상북도 영주시 평은면 강동리 729-2,중앙선,83,활용,미사용,계획 없음,6.0,철도용지,3460.0,가능,36.16,107893.0,19686.0,0
19278,강원본부,경상북도 영주시 평은면 강동리 730-1,중앙선,221,활용,미사용,계획 없음,17.0,철도용지,3460.0,가능,36.16,305687.0,55775.0,0
19279,강원본부,경상북도 영주시 평은면 강동리 732-2,중앙선,968,활용,미사용,계획 없음,74.0,철도용지,3460.0,가능,36.16,1330664.0,242791.0,0
19280,강원본부,경상북도 영주시 평은면 강동리 734-2,중앙선,20,활용,미사용,계획 없음,1.0,철도용지,3460.0,가능,36.16,17978.0,3280.0,0
19281,강원본부,경상북도 영주시 평은면 강동리 735-2,중앙선,344,활용,미사용,계획 없음,26.0,철도용지,3460.0,가능,36.16,467534.0,85305.0,0
19282,강원본부,경상북도 영주시 평은면 강동리 736-1,중앙선,109,활용,미사용,계획 없음,8.0,철도용지,3460.0,가능,36.16,143862.0,26248.0,0
19283,강원본부,경상북도 영주시 평은면 강동리 887-1,중앙선,17,활용,미사용,계획 없음,1.0,철도용지,5610.0,가능,36.16,17978.0,3280.0,0
19284,강원본부,경상북도 영주시 평은면 강동리 903-2,중앙선,575,활용,미사용,계획 없음,44.0,철도용지,4120.0,가능,36.16,791210.0,144363.0,0
19285,강원본부,경상북도 영주시 평은면 강동리 905-2,중앙선,621,활용,미사용,계획 없음,47.0,철도용지,5610.0,가능,36.16,845155.0,154206.0,0
19286,강원본부,경상북도 영주시 평은면 강동리 913-2,중앙선,572,활용,미사용,계획 없음,44.0,철도용지,5440.0,가능,36.16,791210.0,144363.0,0
19287,강원본부,경상북도 영주시 평은면 강동리 913-4,중앙선,516,활용,미사용,계획 없음,39.0,철도용지,3460.0,가능,36.16,701294.0,127957.0,0
19288,강원본부,경상북도 영주시 평은면 강동리 914-1,중앙선,20,활용,미사용,계획 없음,1.0,철도용지,3460.0,가능,36.16,17978.0,3280.0,0
19289,강원본부,경상북도 영주시 평은면 강동리 955-3,중앙선,291,활용,미사용,계획 없음,22.0,철도용지,4120.0,가능,36.16,395605.0,72181.0,0
19290,강원본부,경상북도 영주시 평은면 강동리 955-4,중앙선,393,활용,미사용,계획 없음,30.0,철도용지,4120.0,가능,36.16,539464.0,98430.0,0
19291,강원본부,경상북도 영주시 평은면 강동리 959-2,중앙선,1385,활용,미사용,계획 없음,106.0,철도용지,4120.0,가능,36.16,1906097.0,346815.0,0
19292,강원본부,경상북도 영주시 평은면 강동리 산 145-2,중앙선,595,활용,미사용,계획 없음,45.0,철도용지,469.0,가능,36.16,809193.0,147644.0,0
19293,강원본부,경상북도 영주시 평은면 강동리 산 146-2,중앙선,2380,활용,미사용,계획 없음,183.0,철도용지,467.0,가능,36.16,3290707.0,587725.0,0
19294,강원본부,경상북도 영주시 평은면 강동리 산 147-2,중앙선,3137,활용,미사용,계획 없음,241.0,철도용지,468.0,가능,36.16,4333664.0,769039.0,1
19295,강원본부,경상북도 영주시 평은면 강동리 산 147-3,중앙선,99,활용,미사용,계획 없음,7.0,철도용지,462.0,가능,36.16,125875.0,22967.0,0
19296,강원본부,경상북도 영주시 평은면 강동리 산 147-4,중앙선,79,활용,미사용,계획 없음,6.0,철도용지,511.0,가능,36.16,107893.0,19686.0,0
19297,강원본부,경상북도 영주시 평은면 강동리 산 71-3,중앙선,1091,활용,미사용,계획 없음,84.0,철도용지,1580.0,가능,36.16,1510487.0,275602.0,0
19298,강원본부,경상북도 영주시 평은면 강동리 산 71-5,중앙선,397,활용,미사용,계획 없음,30.0,철도용지,388.0,가능,36.16,539464.0,98430.0,0
19299,강원본부,경상북도 영주시 평은면 강동리 산 71-6,중앙선,992,활용,미사용,계획 없음,76.0,철도용지,1580.0,가능,36.16,1366632.0,249354.0,0
19300,강원본부,경상북도 영주시 평은면 강동리 산 72-3,중앙선,89,활용,미사용,계획 없음,6.0,철도용지,412.0,가능,36.16,107893.0,19686.0,0
19301,강원본부,경상북도 영주시 평은면 강동리 산 72-4,중앙선,1587,활용,미사용,계획 없음,122.0,철도용지,412.0,가능,36.16,2193802.0,396838.0,0
19302,강원본부,경상북도 영주시 평은면 강동리 산 73-3,중앙선,793,활용,미사용,계획 없음,61.0,철도용지,412.0,가능,36.16,1096903.0,200140.0,0
19303,강원본부,경상북도 영주시 평은면 강동리 산 73-5,중앙선,1488,활용,미사용,계획 없음,114.0,철도용지,412.0,가능,36.16,2049947.0,371859.0,0
19304,강원본부,경상북도 영주시 평은면 용혈리 1251-11,중앙선,222,활용,미사용,계획 없음,17.0,철도용지,4780.0,가능,36.16,305687.0,55775.0,0
19305,강원본부,경상북도 영주시 평은면 용혈리 1251-12,중앙선,314,활용,미사용,계획 없음,24.0,철도용지,4780.0,가능,36.16,431572.0,78744.0,0
19306,강원본부,경상북도 영주시 평은면 용혈리 1251-13,중앙선,170,활용,미사용,계획 없음,13.0,철도용지,4780.0,가능,36.16,233761.0,42651.0,0
19308,강원본부,경상북도 영주시 평은면 용혈리 1291-3,중앙선,45,활용,미사용,계획 없음,3.0,철도용지,5000.0,가능,36.16,53944.0,9842.0,0
19309,강원본부,경상북도 영주시 평은면 용혈리 1292-1,중앙선,35,활용,미사용,계획 없음,2.0,철도용지,4990.0,가능,36.16,35961.0,6561.0,0
19312,강원본부,경상북도 영주시 평은면 용혈리 1296-3,중앙선,36,활용,미사용,계획 없음,2.0,철도용지,5110.0,가능,36.16,35961.0,6561.0,0
19313,강원본부,경상북도 영주시 평은면 용혈리 1296-5,중앙선,138,활용,미사용,계획 없음,10.0,철도용지,5110.0,가능,36.16,179821.0,32809.0,0
19314,강원본부,경상북도 영주시 평은면 용혈리 407-2,중앙선,245,활용,미사용,계획 없음,18.0,철도용지,3460.0,가능,36.16,323676.0,59057.0,0
19315,강원본부,경상북도 영주시 평은면 용혈리 415-2,중앙선,1101,활용,미사용,계획 없음,84.0,철도용지,4780.0,가능,36.16,1510487.0,275602.0,0
19316,강원본부,경상북도 영주시 평은면 용혈리 415-4,중앙선,76,활용,미사용,계획 없음,5.0,철도용지,4780.0,가능,36.16,89908.0,16404.0,0
19317,강원본부,경상북도 영주시 평은면 용혈리 416-2,중앙선,1312,활용,미사용,계획 없음,101.0,철도용지,4780.0,가능,36.16,1816177.0,331224.0,0
19318,강원본부,경상북도 영주시 평은면 용혈리 417-1,중앙선,46,활용,미사용,계획 없음,3.0,철도용지,4780.0,가능,36.16,53944.0,9842.0,0
19319,강원본부,경상북도 영주시 평은면 용혈리 423-1,중앙선,36,활용,미사용,계획 없음,2.0,철도용지,5110.0,가능,36.16,35961.0,6561.0,0
19320,강원본부,경상북도 영주시 평은면 용혈리 424-2,중앙선,109,활용,미사용,계획 없음,8.0,철도용지,4780.0,가능,36.16,143862.0,26248.0,0
19321,강원본부,경상북도 영주시 평은면 용혈리 426-1,중앙선,13,활용,미사용,계획 없음,1.0,철도용지,5110.0,가능,36.16,17978.0,3280.0,0
19322,강원본부,경상북도 영주시 평은면 용혈리 427-1,중앙선,17,활용,미사용,계획 없음,1.0,철도용지,5110.0,가능,36.16,17978.0,3280.0,0
19323,강원본부,경상북도 영주시 평은면 용혈리 427-2,중앙선,73,활용,미사용,계획 없음,5.0,철도용지,5110.0,가능,36.16,89908.0,16404.0,0
19324,강원본부,경상북도 영주시 평은면 용혈리 439-2,중앙선,169,활용,미사용,계획 없음,13.0,철도용지,3460.0,가능,36.16,233761.0,42651.0,0
19325,강원본부,경상북도 영주시 평은면 용혈리 440-2,중앙선,241,활용,미사용,계획 없음,18.0,철도용지,3460.0,가능,36.16,323676.0,59057.0,0
19326,강원본부,경상북도 영주시 평은면 용혈리 491-1,중앙선,119,활용,미사용,계획 없음,9.0,철도용지,4780.0,가능,36.16,161841.0,29529.0,0
19327,강원본부,경상북도 영주시 평은면 용혈리 492-2,중앙선,1170,활용,미사용,계획 없음,90.0,철도용지,4780.0,가능,36.16,1618383.0,295288.0,0
19328,강원본부,경상북도 영주시 평은면 용혈리 493-2,중앙선,23,활용,미사용,계획 없음,1.0,철도용지,4780.0,가능,36.16,17978.0,3280.0,0
19329,강원본부,경상북도 영주시 평은면 용혈리 494-1,중앙선,717,활용,미사용,계획 없음,55.0,철도용지,5110.0,가능,36.16,989011.0,180454.0,0
19330,강원본부,경상북도 영주시 평은면 용혈리 495-1,중앙선,453,활용,미사용,계획 없음,34.0,철도용지,4780.0,가능,36.16,611389.0,111553.0,0
19331,강원본부,경상북도 영주시 평은면 용혈리 495-2,중앙선,33,활용,미사용,계획 없음,2.0,철도용지,4780.0,가능,36.16,35961.0,6561.0,0
19333,강원본부,경상북도 영주시 평은면 용혈리 514-2,중앙선,162,활용,미사용,계획 없음,12.0,철도용지,5110.0,가능,36.16,215778.0,39370.0,0
19335,강원본부,경상북도 영주시 평은면 용혈리 515-2,중앙선,26,활용,미사용,계획 없음,2.0,철도용지,5110.0,가능,36.16,35961.0,6561.0,0
19336,강원본부,경상북도 영주시 평은면 용혈리 515-4,중앙선,30,활용,미사용,계획 없음,2.0,철도용지,5110.0,가능,36.16,35961.0,6561.0,0
19338,강원본부,경상북도 영주시 평은면 용혈리 516-3,중앙선,13,활용,미사용,계획 없음,1.0,철도용지,5110.0,가능,36.16,17978.0,3280.0,0
19343,강원본부,경상북도 영주시 평은면 용혈리 519-4,중앙선,20,활용,미사용,계획 없음,1.0,철도용지,4780.0,가능,36.16,17978.0,3280.0,0
19345,강원본부,경상북도 영주시 평은면 용혈리 520-4,중앙선,13,활용,미사용,계획 없음,1.0,철도용지,4780.0,가능,36.16,17978.0,3280.0,0
19347,강원본부,경상북도 영주시 평은면 용혈리 521-3,중앙선,13,활용,미사용,계획 없음,1.0,철도용지,5110.0,가능,36.16,17978.0,3280.0,0
19348,강원본부,경상북도 영주시 평은면 용혈리 521-4,중앙선,26,활용,미사용,계획 없음,2.0,철도용지,4780.0,가능,36.16,35961.0,6561.0,0
19349,강원본부,경상북도 영주시 평은면 용혈리 522-2,중앙선,463,활용,미사용,계획 없음,35.0,철도용지,5050.0,가능,36.16,629372.0,114834.0,0
19350,강원본부,경상북도 영주시 평은면 용혈리 522-4,중앙선,179,활용,미사용,계획 없음,13.0,철도용지,4780.0,가능,36.16,233761.0,42651.0,0
19351,강원본부,경상북도 영주시 평은면 용혈리 522-5,중앙선,102,활용,미사용,계획 없음,7.0,철도용지,5110.0,가능,36.16,125875.0,22967.0,0
19352,강원본부,경상북도 영주시 평은면 용혈리 523-2,중앙선,182,활용,미사용,계획 없음,14.0,철도용지,5050.0,가능,36.16,251744.0,45933.0,0
19353,강원본부,경상북도 영주시 평은면 용혈리 523-3,중앙선,20,활용,미사용,계획 없음,1.0,철도용지,5110.0,가능,36.16,17978.0,3280.0,0
19354,강원본부,경상북도 영주시 평은면 용혈리 523-4,중앙선,63,활용,미사용,계획 없음,4.0,철도용지,4780.0,가능,36.16,71922.0,13122.0,0
19356,강원본부,경상북도 영주시 평은면 용혈리 524-3,중앙선,46,활용,미사용,계획 없음,3.0,철도용지,5110.0,가능,36.16,53944.0,9842.0,0
19357,강원본부,경상북도 영주시 평은면 용혈리 524-4,중앙선,264,활용,미사용,계획 없음,20.0,철도용지,4780.0,가능,36.16,359637.0,65619.0,0
19360,강원본부,경상북도 영주시 평은면 용혈리 525-4,중앙선,76,활용,미사용,계획 없음,5.0,철도용지,4780.0,가능,36.16,89908.0,16404.0,0
19362,강원본부,경상북도 영주시 평은면 용혈리 578-2,중앙선,50,활용,미사용,계획 없음,3.0,철도용지,7920.0,가능,36.16,53944.0,9842.0,0
19364,강원본부,경상북도 영주시 평은면 용혈리 580-2,중앙선,354,활용,미사용,계획 없음,27.0,철도용지,7380.0,가능,36.16,485509.0,88585.0,0
19366,강원본부,경상북도 영주시 평은면 용혈리 583-2,중앙선,145,활용,미사용,계획 없음,11.0,철도용지,7680.0,가능,36.16,197800.0,36090.0,0
19367,강원본부,경상북도 영주시 평은면 용혈리 584-2,중앙선,1626,활용,미사용,계획 없음,125.0,철도용지,6760.0,가능,36.16,2247746.0,406215.0,0
19368,강원본부,경상북도 영주시 평은면 용혈리 585-2,중앙선,410,활용,미사용,계획 없음,31.0,철도용지,7790.0,가능,36.16,557446.0,101711.0,0
19372,강원본부,경상북도 영주시 평은면 용혈리 669-3,중앙선,36,활용,미사용,계획 없음,2.0,철도용지,4780.0,가능,36.16,35961.0,6561.0,0
19378,강원본부,경상북도 영주시 평은면 용혈리 673-1,중앙선,245,활용,미사용,계획 없음,18.0,철도용지,5110.0,가능,36.16,323676.0,59057.0,0
19380,강원본부,경상북도 영주시 평은면 용혈리 산 19-2,중앙선,595,활용,미사용,계획 없음,45.0,철도용지,480.0,가능,36.16,809193.0,147644.0,0
19381,강원본부,경상북도 영주시 평은면 용혈리 산 20-3,중앙선,992,활용,미사용,계획 없음,76.0,철도용지,495.0,가능,36.16,1366632.0,249354.0,0
19382,강원본부,경상북도 영주시 평은면 용혈리 산 20-4,중앙선,893,활용,미사용,계획 없음,68.0,철도용지,495.0,가능,36.16,1222775.0,223106.0,0
19383,강원본부,경상북도 영주시 평은면 용혈리 산 22-2,중앙선,496,활용,미사용,계획 없음,38.0,철도용지,478.0,가능,36.16,683311.0,124676.0,0
19384,강원본부,경상북도 영주시 평은면 용혈리 산 22-4,중앙선,1091,활용,미사용,계획 없음,84.0,철도용지,412.0,가능,36.16,1510487.0,275602.0,0
19385,강원본부,경상북도 영주시 평은면 용혈리 산 22-6,중앙선,298,활용,미사용,계획 없음,22.0,철도용지,402.0,가능,36.16,395605.0,72181.0,0
19386,강원본부,경상북도 영주시 평은면 용혈리 산 23-2,중앙선,198,활용,미사용,계획 없음,15.0,철도용지,412.0,가능,36.16,269728.0,49214.0,0
4102,영남본부,경상남도 밀양시 가곡동 651-35,경부선,31,기타,도로사용,계획없음(매각 추진),2.0,도로,132300.0,가능,44.98,44741.0,8163.0,1
4106,영남본부,경상남도 밀양시 가곡동 662-154,경부선,21,기타,도로사용,계획없음(매각 추진),1.0,철도용지,70600.0,가능,44.98,22370.0,4081.0,1
4109,영남본부,경상남도 밀양시 가곡동 665-14,경부선,193,기타,도로사용,계획없음(매각 추진),14.0,철도용지,25900.0,가능,44.98,313187.0,57143.0,1
4112,영남본부,경상남도 밀양시 가곡동 667-11,경부선,18,기타,도로사용,계획없음(매각 추진),1.0,답,70600.0,가능,44.98,22370.0,4081.0,1
4113,영남본부,경상남도 밀양시 가곡동 668-4,경부선,76,기타,도로사용,계획없음(매각 추진),5.0,철도용지,25900.0,가능,44.98,111852.0,20408.0,1
4114,영남본부,경상남도 밀양시 가곡동 706-13,경부선,346,기타,도로사용,계획없음(매각 추진),26.0,철도용지,12000.0,가능,44.98,581635.0,106124.0,1
4229,영남본부,경상남도 밀양시 삼랑진읍 임천리 1441,경부선,710,기타,나대지,계획없음(매각 추진),54.0,답,43700.0,가능,45.01,1208823.0,220560.0,1
4243,영남본부,경상남도 밀양시 상동면 안인리 1619-4,경부선,425,기타,도로상부,계획없음(매각 추진),32.0,도로,19900.0,가능,44.92,714882.0,130436.0,1
4315,영남본부,경상남도 양산시 동면 가산리 1087-7,경부선,15,기타,미사용,계획없음(매각 추진),1.0,묘지,805100.0,가능,45.35,22561.0,4116.0,1
12889,충청본부,충청남도 아산시 도고면 봉농리 161-2,장항선,4437,활용,사용허가(태양광),계속 사용허가(태양광),341.0,철도용지,49500.0,가능,43.18,7320776.0,1291675.0,1
12904,충청본부,충청남도 아산시 도고면 신언리 476-2,장항선,446,활용,사용허가(태양광),계속 사용허가(태양광),34.0,철도용지,61100.0,가능,43.18,729929.0,133182.0,1
12905,충청본부,충청남도 아산시 도고면 신언리 478-2,장항선,4545,활용,사용허가(태양광),계속 사용허가(태양광),349.0,철도용지,61100.0,가능,43.18,7492514.0,1321659.0,1
12911,충청본부,충청남도 아산시 도고면 신언리 80-1,장항선,724,활용,사용허가(태양광),계속 사용허가(태양광),55.0,철도용지,34000.0,가능,43.18,1180762.0,215440.0,1
12912,충청본부,충청남도 아산시 도고면 신언리 82-1,장항선,1681,활용,사용허가(매설부지),계속 사용허가(태양광),129.0,철도용지,36900.0,가능,43.18,2769438.0,500026.0,1
12913,충청본부,충청남도 아산시 도고면 신언리 91-2,장항선,2152,활용,사용허가(매설부지),계속 사용허가(태양광),165.0,철도용지,11400.0,가능,43.18,3542309.0,634464.0,1
12920,충청본부,충청남도 아산시 방축동 146-2,장항선,2245,활용,사용허가(태양광),계속 사용허가(태양광),172.0,철도용지,184700.0,가능,43.16,3690987.0,660311.0,1
12921,충청본부,충청남도 아산시 방축동 174-5,장항선,1278,활용,사용허가(태양광),계속 사용허가(태양광),98.0,철도용지,182600.0,가능,43.16,2102996.0,383710.0,1
12922,충청본부,충청남도 아산시 배미동 149-2,장항선,1187,활용,사용허가(태양광),계속 사용허가(태양광),91.0,철도용지,75800.0,가능,43.13000000000001,1951424.0,356055.0,1
12923,충청본부,충청남도 아산시 배미동 169-2,장항선,1713,활용,사용허가(태양광),계속 사용허가(태양광),131.0,철도용지,75800.0,가능,43.13000000000001,2809189.0,506846.0,1
12924,충청본부,충청남도 아산시 배미동 177-1,장항선,826,활용,사용허가(태양광),계속 사용허가(태양광),63.0,철도용지,105600.0,가능,43.13000000000001,1350991.0,246500.0,1
12925,충청본부,충청남도 아산시 배미동 180-2,장항선,2010,활용,사용허가(태양광),계속 사용허가(태양광),154.0,철도용지,61600.0,가능,43.13000000000001,3302407.0,592615.0,1
12926,충청본부,충청남도 아산시 배미동 188-2,장항선,1379,활용,사용허가(태양광),계속 사용허가(태양광),106.0,철도용지,75800.0,가능,43.13000000000001,2273087.0,413589.0,1
12928,충청본부,충청남도 아산시 배미동 236-2,장항선,936,활용,사용허가(태양광),계속 사용허가(태양광),72.0,철도용지,79500.0,가능,43.13000000000001,1543984.0,281714.0,1
12937,충청본부,충청남도 아산시 선장면 죽산리 182-11,장항선,943,활용,사용허가(태양광),계속 사용허가(태양광),72.0,철도용지,26400.0,가능,43.01,1539648.0,280922.0,1
12938,충청본부,충청남도 아산시 선장면 죽산리 188-1,장항선,1025,활용,사용허가(태양광),계속 사용허가(태양광),78.0,철도용지,26400.0,가능,43.01,1667943.0,304331.0,1
12939,충청본부,충청남도 아산시 선장면 죽산리 189-3,장항선,860,활용,사용허가(태양광),계속 사용허가(태양광),66.0,철도용지,29200.0,가능,43.01,1411341.0,257512.0,1
12940,충청본부,충청남도 아산시 선장면 죽산리 189-4,장항선,688,활용,사용허가(태양광),계속 사용허가(태양광),52.0,철도용지,13600.0,가능,43.01,1111959.0,202887.0,1
12941,충청본부,충청남도 아산시 선장면 죽산리 195-7,장항선,902,활용,사용허가(태양광),계속 사용허가(태양광),69.0,철도용지,11700.0,가능,43.01,1475486.0,269215.0,1
12942,충청본부,충청남도 아산시 선장면 죽산리 196-1,장항선,281,활용,사용허가(태양광),계속 사용허가(태양광),21.0,철도용지,11700.0,가능,43.01,449066.0,81936.0,1
12943,충청본부,충청남도 아산시 선장면 죽산리 197-1,장항선,1345,활용,사용허가(태양광),계속 사용허가(태양광),103.0,철도용지,23000.0,가능,43.01,2202541.0,401313.0,1
12944,충청본부,충청남도 아산시 선장면 죽산리 198-1,장항선,767,활용,사용허가(태양광),계속 사용허가(태양광),59.0,철도용지,23000.0,가능,43.01,1261656.0,230200.0,1
12945,충청본부,충청남도 아산시 선장면 죽산리 201-4,장항선,2591,활용,사용허가(태양광),계속 사용허가(태양광),199.0,철도용지,23000.0,가능,43.01,4255399.0,758397.0,1
12946,충청본부,충청남도 아산시 선장면 죽산리 202-1,장항선,742,활용,사용허가(태양광),계속 사용허가(태양광),57.0,철도용지,23000.0,가능,43.01,1218878.0,222395.0,1
12948,충청본부,충청남도 아산시 선장면 죽산리 203-6,장항선,978,활용,사용허가(태양광),계속 사용허가(태양광),75.0,철도용지,23000.0,가능,43.01,1603802.0,292628.0,1
12952,충청본부,충청남도 아산시 선장면 죽산리 380-1,장항선,168,활용,사용허가(태양광),계속 사용허가(태양광),12.0,철도용지,10600.0,가능,43.01,256605.0,46819.0,1
12954,충청본부,충청남도 아산시 신창면 궁화리 166-16,장항선,1264,활용,사용허가(태양광),계속 사용허가(태양광),97.0,전,47500.0,가능,43.08,2077649.0,379086.0,1
12955,충청본부,충청남도 아산시 신창면 궁화리 197-1,장항선,152,활용,사용허가(태양광),계속 사용허가(태양광),11.0,철도용지,20900.0,가능,43.08,235611.0,42989.0,1
12956,충청본부,충청남도 아산시 신창면 궁화리 198-1,장항선,1362,활용,사용허가(태양광),계속 사용허가(태양광),104.0,철도용지,18200.0,가능,43.08,2227578.0,405686.0,1
12958,충청본부,충청남도 아산시 신창면 궁화리 208-2,장항선,1699,활용,사용허가(태양광),계속 사용허가(태양광),130.0,철도용지,6930.0,가능,43.08,2784472.0,502504.0,1
12959,충청본부,충청남도 아산시 신창면 궁화리 210-3,장항선,218,활용,사용허가(태양광),계속 사용허가(태양광),16.0,철도용지,13500.0,가능,43.08,342705.0,62529.0,1
12961,충청본부,충청남도 아산시 신창면 궁화리 247-1,장항선,393,활용,사용허가(태양광),계속 사용허가(태양광),30.0,철도용지,2970.0,가능,43.08,642567.0,117242.0,1
12962,충청본부,충청남도 아산시 신창면 궁화리 260-1,장항선,1101,활용,사용허가(태양광),계속 사용허가(태양광),84.0,철도용지,38900.0,가능,43.08,1799201.0,328280.0,1
12965,충청본부,충청남도 아산시 신창면 궁화리 37-3,장항선,3557,활용,사용허가(태양광),계속 사용허가(태양광),273.0,철도용지,18600.0,가능,43.08,5847402.0,1035431.0,1
12966,충청본부,충청남도 아산시 신창면 궁화리 51-2,장항선,800,활용,사용허가(태양광),계속 사용허가(태양광),61.0,철도용지,40800.0,가능,43.08,1306556.0,238393.0,1
12967,충청본부,충청남도 아산시 신창면 궁화리 543-1,장항선,502,활용,사용허가(태양광),계속 사용허가(태양광),38.0,철도용지,59100.0,가능,43.08,813917.0,148506.0,1
12970,충청본부,충청남도 아산시 신창면 궁화리 544-2,장항선,605,활용,사용허가(태양광),계속 사용허가(태양광),46.0,답,59000.0,가능,43.08,985274.0,179772.0,1
12971,충청본부,충청남도 아산시 신창면 궁화리 544-4,장항선,1220,활용,사용허가(태양광),계속 사용허가(태양광),93.0,철도용지,50400.0,가능,43.08,1991964.0,363452.0,1
12974,충청본부,충청남도 아산시 신창면 궁화리 546-6,장항선,4553,활용,사용허가(태양광),계속 사용허가(태양광),350.0,전,13300.0,가능,43.08,7496671.0,1322392.0,1
12975,충청본부,충청남도 아산시 신창면 궁화리 7-2,장항선,2595,활용,사용허가(태양광),계속 사용허가(태양광),199.0,철도용지,18600.0,가능,43.08,4262390.0,759643.0,1
12983,충청본부,충청남도 아산시 신창면 궁화리 산81-19,장항선,1983,활용,사용허가(태양광),계속 사용허가(태양광),152.0,구거,27700.0,가능,43.08,3255699.0,584509.0,1
12984,충청본부,충청남도 아산시 신창면 궁화리 산81-20,장항선,892,활용,사용허가(태양광),계속 사용허가(태양광),68.0,구거,82300.0,가능,43.08,1456504.0,265752.0,1
12985,충청본부,충청남도 아산시 신창면 궁화리 산81-21,장항선,1886,활용,사용허가(태양광),계속 사용허가(태양광),145.0,전,66400.0,가능,43.08,3105759.0,558379.0,1
12986,충청본부,충청남도 아산시 신창면 남성리 209-2,장항선,4403,활용,사용허가(태양광),계속 사용허가(태양광),339.0,철도용지,78900.0,가능,43.08,7261056.0,1281138.0,1
12988,충청본부,충청남도 아산시 신창면 남성리 216-2,장항선,1418,활용,사용허가(태양광),계속 사용허가(태양광),109.0,철도용지,50800.0,가능,43.08,2334670.0,424299.0,1
12989,충청본부,충청남도 아산시 신창면 남성리 218-2,장항선,3666,활용,사용허가(태양광),계속 사용허가(태양광),282.0,철도용지,46500.0,가능,43.08,6040167.0,1068797.0,1
12990,충청본부,충청남도 아산시 신창면 남성리 353-2,장항선,2557,활용,사용허가(태양광),계속 사용허가(태양광),196.0,철도용지,25100.0,가능,43.08,4198128.0,748546.0,1
12991,충청본부,충청남도 아산시 신창면 남성리 358-2,장항선,955,활용,사용허가(태양광),계속 사용허가(태양광),73.0,철도용지,23800.0,가능,43.08,1563587.0,285290.0,1
12992,충청본부,충청남도 아산시 신창면 남성리 360-2,장항선,1072,활용,사용허가(태양광),계속 사용허가(태양광),82.0,철도용지,51000.0,가능,43.08,1756360.0,320464.0,1
12993,충청본부,충청남도 아산시 신창면 남성리 364-1,장항선,486,활용,사용허가(태양광),계속 사용허가(태양광),37.0,철도용지,56800.0,가능,43.08,792507.0,144600.0,1
12994,충청본부,충청남도 아산시 신창면 남성리 366-3,장항선,410,활용,사용허가(태양광),계속 사용허가(태양광),31.0,철도용지,56800.0,가능,43.08,663996.0,121152.0,1
12996,충청본부,충청남도 아산시 신창면 남성리 385-2,장항선,661,활용,사용허가(태양광),계속 사용허가(태양광),50.0,철도용지,57000.0,가능,43.08,1070952.0,195405.0,1
12997,충청본부,충청남도 아산시 신창면 남성리 459-2,장항선,496,활용,사용허가(태양광),계속 사용허가(태양광),38.0,철도용지,23800.0,가능,43.08,813917.0,148506.0,1
12998,충청본부,충청남도 아산시 신창면 남성리 47-2,장항선,568,활용,사용허가(태양광),계속 사용허가(태양광),43.0,철도용지,53300.0,가능,43.08,921014.0,168047.0,1
12999,충청본부,충청남도 아산시 신창면 남성리 625-6,장항선,32,활용,사용허가(태양광),계속 사용허가(태양광),2.0,도로,23800.0,가능,43.08,42844.0,7817.0,1
13000,충청본부,충청남도 아산시 신창면 남성리 625-7,장항선,34,활용,사용허가(태양광),계속 사용허가(태양광),2.0,도로,15400.0,가능,43.08,42844.0,7817.0,1
13001,충청본부,충청남도 아산시 신창면 남성리 88-2,장항선,883,활용,사용허가(태양광),계속 사용허가(태양광),67.0,철도용지,52900.0,가능,43.08,1435076.0,261842.0,1
13002,충청본부,충청남도 아산시 신창면 남성리 산40-2,장항선,1686,활용,사용허가(태양광),계속 사용허가(태양광),129.0,대,104200.0,가능,43.08,2763052.0,498873.0,1
13003,충청본부,충청남도 아산시 신창면 남성리 산41-2,장항선,2876,활용,사용허가(태양광),계속 사용허가(태양광),221.0,전,34600.0,가능,43.08,4733609.0,841617.0,1
13004,충청본부,충청남도 아산시 신창면 남성리 산42-2,장항선,694,활용,사용허가(태양광),계속 사용허가(태양광),53.0,전,32500.0,가능,43.08,1135205.0,207128.0,1
13006,충청본부,충청남도 아산시 신창면 신달리 247-2,장항선,1910,활용,사용허가(태양광),계속 사용허가(태양광),147.0,철도용지,46300.0,가능,43.08,3148599.0,565948.0,1
13007,충청본부,충청남도 아산시 신창면 신달리 272-2,장항선,866,활용,사용허가(태양광),계속 사용허가(태양광),66.0,철도용지,54100.0,가능,43.08,1413657.0,257934.0,1
13008,충청본부,충청남도 아산시 신창면 신달리 274-1,장항선,360,활용,사용허가(태양광),계속 사용허가(태양광),27.0,철도용지,51400.0,가능,43.08,578315.0,105518.0,1
13009,충청본부,충청남도 아산시 신창면 신달리 275-2,장항선,2237,활용,사용허가(태양광),계속 사용허가(태양광),172.0,철도용지,54100.0,가능,43.08,3684076.0,659075.0,1
13022,충청본부,충청남도 아산시 신창면 오목리 375-2,장항선,2532,활용,사용허가(태양광),계속 사용허가(태양광),194.0,철도용지,32200.0,가능,43.08,4155288.0,741084.0,1
13023,충청본부,충청남도 아산시 신창면 오목리 381-1,장항선,2612,활용,사용허가(태양광),계속 사용허가(태양광),201.0,철도용지,26100.0,가능,43.08,4305231.0,767096.0,1
13024,충청본부,충청남도 아산시 신창면 오목리 401-2,장항선,159,활용,사용허가(태양광),계속 사용허가(태양광),12.0,철도용지,26100.0,가능,43.08,257025.0,46896.0,1
13025,충청본부,충청남도 아산시 신창면 오목리 402-2,장항선,1908,활용,사용허가(태양광),계속 사용허가(태양광),146.0,철도용지,26100.0,가능,43.08,3127182.0,562099.0,1
13026,충청본부,충청남도 아산시 신창면 오목리 469-2,장항선,826,활용,사용허가(태양광),계속 사용허가(태양광),63.0,철도용지,26100.0,가능,43.08,1349401.0,246210.0,1
13027,충청본부,충청남도 아산시 신창면 오목리 4-2,장항선,1666,활용,사용허가(태양광),계속 사용허가(태양광),128.0,철도용지,65400.0,가능,43.08,2741632.0,495122.0,1
13029,충청본부,충청남도 아산시 신창면 오목리 산112-2,장항선,1785,활용,사용허가(태양광),계속 사용허가(태양광),137.0,답,58700.0,가능,43.08,2934411.0,528568.0,1
13062,충청본부,충청남도 아산시 선장면 죽산리 181-14,장항선,939,활용,사용허가(태양광),계속 사용허가(태양광),72.0,철도용지,26400.0,가능,43.01,1539648.0,280922.0,1
13063,충청본부,충청남도 아산시 선장면 죽산리 181-15,장항선,1084,활용,사용허가(태양광),계속 사용허가(태양광),83.0,철도용지,25700.0,가능,43.01,1774865.0,323840.0,1
13065,충청본부,충청남도 아산시 선장면 죽산리 181-18,장항선,2883,활용,사용허가(태양광),계속 사용허가(태양광),221.0,철도용지,31700.0,가능,43.01,4725847.0,840237.0,1
13066,충청본부,충청남도 아산시 선장면 죽산리 181-20,장항선,79,활용,사용허가(태양광),계속 사용허가(태양광),6.0,철도용지,30100.0,가능,43.01,128300.0,23409.0,1
13068,충청본부,충청남도 아산시 선장면 죽산리 181-23,장항선,806,활용,사용허가(태양광),계속 사용허가(태양광),62.0,철도용지,34500.0,가능,43.01,1325800.0,241904.0,1
13070,충청본부,충청남도 아산시 선장면 죽산리 181-25,장항선,486,활용,사용허가(태양광),계속 사용허가(태양광),37.0,철도용지,31700.0,가능,43.01,791202.0,144362.0,1
13482,충청본부,충청남도 홍성군 홍북면 갈산리 225-2,장항선,413,활용,사용허가(태양광),계속 사용허가(태양광),31.0,철도용지,12000.0,가능,42.98,662438.0,120867.0,1
13483,충청본부,충청남도 홍성군 홍북면 갈산리 226-3,장항선,1223,활용,사용허가(태양광),계속 사용허가(태양광),94.0,철도용지,20600.0,가능,42.98,2008661.0,366498.0,1
13484,충청본부,충청남도 홍성군 홍북면 갈산리 산13-2,장항선,1190,활용,사용허가(태양광),계속 사용허가(태양광),91.0,답,31300.0,가능,42.98,1944554.0,354801.0,1
13486,충청본부,충청남도 홍성군 홍북면 노은리 270-2,장항선,2122,활용,사용허가(태양광),계속 사용허가(태양광),163.0,철도용지,15000.0,가능,42.98,3483108.0,624008.0,1
13487,충청본부,충청남도 홍성군 홍북면 노은리 227-2,장항선,4414,활용,사용허가(태양광),계속 사용허가(태양광),339.0,철도용지,15000.0,가능,42.98,7244006.0,1278130.0,1
13488,충청본부,충청남도 보령시 주포면 관산리 465-2,장항선,747,활용,사용허가(태양광),계속 사용허가(태양광),57.0,철도용지,18600.0,가능,43.38999999999999,1229726.0,224374.0,1
13489,충청본부,충청남도 보령시 주포면 관산리 466-2,장항선,704,활용,사용허가(태양광),계속 사용허가(태양광),54.0,철도용지,24500.0,가능,43.38999999999999,1165002.0,212565.0,1
13490,충청본부,충청남도 보령시 주포면 관산리 445-2,장항선,1628,활용,사용허가(태양광),계속 사용허가(태양광),125.0,철도용지,18600.0,가능,43.38999999999999,2696783.0,487365.0,1
13506,충청본부,충청남도 홍성군 홍성읍 학계리 126-1,장항선,761,활용,사용허가(태양광),계속 사용허가(태양광),58.0,철도용지,19900.0,가능,43.1,1242851.0,226769.0,1
13509,충청본부,충청남도 홍성군 홍성읍 학계리 438-1,장항선,50,활용,사용허가(태양광),계속 사용허가(태양광),3.0,철도용지,10200.0,가능,43.1,64286.0,11729.0,1
13510,충청본부,충청남도 홍성군 홍성읍 학계리 437-3,장항선,1273,활용,사용허가(태양광),계속 사용허가(태양광),98.0,철도용지,10200.0,가능,43.1,2099994.0,383163.0,1
13511,충청본부,충청남도 홍성군 홍성읍 학계리 447-1,장항선,50,활용,사용허가(태양광),계속 사용허가(태양광),3.0,철도용지,10200.0,가능,43.1,64286.0,11729.0,1
13526,충청본부,충청남도 홍성군 홍성읍 학계리 126-1,장항선,761,활용,사용허가(태양광),계속 사용허가(태양광),58.0,철도용지,19900.0,가능,43.1,1242851.0,226769.0,1
13529,충청본부,충청남도 홍성군 홍성읍 학계리 438-1,장항선,50,활용,사용허가(태양광),계속 사용허가(태양광),3.0,철도용지,10200.0,가능,43.1,64286.0,11729.0,1
13530,충청본부,충청남도 홍성군 홍성읍 학계리 437-3,장항선,1273,활용,사용허가(태양광),계속 사용허가(태양광),98.0,철도용지,10200.0,가능,43.1,2099994.0,383163.0,1
13531,충청본부,충청남도 홍성군 홍성읍 학계리 447-1,장항선,50,활용,사용허가(태양광),계속 사용허가(태양광),3.0,철도용지,10200.0,가능,43.1,64286.0,11729.0,1
13532,충청본부,충청남도 홍성군 홍성읍 학계리 434-2,장항선,737,활용,사용허가(태양광),계속 사용허가(태양광),56.0,철도용지,10200.0,가능,43.1,1200001.0,218951.0,1
13533,충청본부,충청남도 홍성군 홍성읍 학계리 447-3,장항선,205,활용,사용허가(태양광),계속 사용허가(태양광),15.0,철도용지,32900.0,가능,43.1,321431.0,58648.0,1
13536,충청본부,충청남도 홍성군 홍성읍 학계리 427-2,장항선,23,활용,사용허가(태양광),계속 사용허가(태양광),1.0,철도용지,15000.0,가능,43.1,21421.0,3908.0,1
13537,충청본부,충청남도 홍성군 홍성읍 학계리 444-4,장항선,238,활용,사용허가(태양광),계속 사용허가(태양광),18.0,철도용지,35300.0,가능,43.1,385707.0,70375.0,1
13538,충청본부,충청남도 홍성군 홍성읍 학계리 274-5,장항선,1005,활용,사용허가(태양광),계속 사용허가(태양광),77.0,철도용지,19900.0,가능,43.1,1649997.0,301057.0,1
13539,충청본부,충청남도 홍성군 홍성읍 학계리 274-1,장항선,30,활용,사용허가(태양광),계속 사용허가(태양광),2.0,철도용지,19900.0,가능,43.1,42864.0,7820.0,1
13540,충청본부,충청남도 홍성군 홍성읍 학계리 348-2,장항선,2178,활용,사용허가(태양광),계속 사용허가(태양광),167.0,철도용지,19900.0,가능,43.1,3578575.0,640656.0,1
13541,충청본부,충청남도 홍성군 홍성읍 학계리 306-2,장항선,1191,활용,사용허가(태양광),계속 사용허가(태양광),91.0,철도용지,19900.0,가능,43.1,1950000.0,355795.0,1
13542,충청본부,충청남도 홍성군 홍성읍 학계리 124-1,장항선,301,활용,사용허가(태양광),계속 사용허가(태양광),23.0,철도용지,19900.0,가능,43.1,492857.0,89926.0,1
13543,충청본부,충청남도 홍성군 홍성읍 학계리 642-1,장항선,1008,활용,사용허가(태양광),계속 사용허가(태양광),77.0,철도용지,19900.0,가능,43.1,1649997.0,301057.0,1
13544,충청본부,충청남도 홍성군 홍성읍 학계리 631-3,장항선,438,활용,사용허가(태양광),계속 사용허가(태양광),33.0,철도용지,10200.0,가능,43.1,707137.0,129023.0,1
13545,충청본부,충청남도 홍성군 홍성읍 학계리 631-6,장항선,129,활용,사용허가(태양광),계속 사용허가(태양광),9.0,철도용지,15000.0,가능,43.1,192851.0,35187.0,1
13634,충청본부,충청남도 보령시 주포면 관산리 466-2,장항선,704,활용,사용허가(태양광),계속 사용허가(태양광),54.0,철도용지,24500.0,가능,43.38999999999999,1165002.0,212565.0,1
13635,충청본부,충청남도 보령시 주포면 관산리 449-1,장항선,2025,활용,사용허가(태양광),계속 사용허가(태양광),155.0,철도용지,18600.0,가능,43.38999999999999,3343996.0,600078.0,1
13636,충청본부,충청남도 보령시 주포면 관산리 445-2,장항선,1628,활용,사용허가(태양광),계속 사용허가(태양광),125.0,철도용지,18600.0,가능,43.38999999999999,2696783.0,487365.0,1
13491,충청본부,충청남도 홍성군 홍성읍 고암리 844-7,장항선,443,활용,미사용,사용허가(태양광),34.0,철도용지,16900.0,가능,43.1,728562.0,132932.0,1
13492,충청본부,충청남도 홍성군 홍성읍 고암리 819-9,장항선,760,활용,미사용,사용허가(태양광),58.0,철도용지,17600.0,가능,43.1,1242851.0,226769.0,1
13493,충청본부,충청남도 홍성군 홍성읍 고암리 819-9,장항선,760,활용,미사용,사용허가(태양광),58.0,철도용지,17600.0,가능,43.1,1242851.0,226769.0,1
13494,충청본부,충청남도 홍성군 홍성읍 고암리 787-2,장항선,3907,활용,미사용,사용허가(태양광),300.0,철도용지,45000.0,가능,43.1,6428554.0,1136432.0,1
13495,충청본부,충청남도 홍성군 홍성읍 고암리 산67-1,장항선,271,활용,미사용,사용허가(태양광),20.0,제방,19600.0,가능,43.1,428579.0,78198.0,1
13496,충청본부,충청남도 홍성군 홍성읍 고암리 261-2,장항선,9415,활용,미사용,사용허가(태양광),724.0,철도용지,34300.0,가능,43.1,15514243.0,2716940.0,2
13497,충청본부,충청남도 홍성군 홍성읍 고암리 298-2,장항선,324,활용,미사용,사용허가(태양광),24.0,철도용지,24000.0,가능,43.1,514282.0,93835.0,1
13498,충청본부,충청남도 홍성군 홍성읍 고암리 415-13,장항선,1164,활용,미사용,사용허가(태양광),89.0,철도용지,101100.0,가능,43.1,1907133.0,347973.0,1
13499,충청본부,충청남도 홍성군 홍성읍 고암리 498-7,장항선,3018,활용,미사용,사용허가(태양광),232.0,철도용지,56900.0,가능,43.1,4971410.0,883054.0,1
13500,충청본부,충청남도 홍성군 홍성읍 고암리 498-1,장항선,1238,활용,미사용,사용허가(태양광),95.0,철도용지,58400.0,가능,43.1,2035706.0,371433.0,1
13501,충청본부,충청남도 홍성군 홍성읍 고암리 415-31,장항선,10058,활용,미사용,사용허가(태양광),774.0,철도용지,311800.0,가능,43.1,16585663.0,2903167.0,2
13502,충청본부,충청남도 홍성군 홍성읍 학계리 304-3,장항선,275,활용,미사용,사용허가(태양광),21.0,철도용지,7260.0,가능,43.1,449996.0,82105.0,1
13503,충청본부,충청남도 홍성군 홍성읍 학계리 282-1,장항선,142,활용,미사용,사용허가(태양광),10.0,철도용지,7260.0,가능,43.1,214287.0,39098.0,1
13504,충청본부,충청남도 홍성군 홍성읍 학계리 299-1,장항선,1233,활용,미사용,사용허가(태양광),94.0,철도용지,7260.0,가능,43.1,2014280.0,367523.0,1
13505,충청본부,충청남도 홍성군 홍성읍 학계리 282-4,장항선,1825,활용,미사용,사용허가(태양광),140.0,철도용지,19900.0,가능,43.1,2999993.0,540000.0,1
13507,충청본부,충청남도 홍성군 홍성읍 학계리 4-2,장항선,853,활용,미사용,사용허가(태양광),65.0,철도용지,7920.0,가능,43.1,1392851.0,254138.0,1
13508,충청본부,충청남도 홍성군 홍성읍 학계리 6-2,장항선,1505,활용,미사용,사용허가(태양광),115.0,철도용지,8960.0,가능,43.1,2464277.0,446809.0,1
13512,충청본부,충청남도 홍성군 홍성읍 고암리 844-7,장항선,443,활용,미사용,사용허가(태양광),34.0,철도용지,16900.0,가능,43.1,728562.0,132932.0,1
13513,충청본부,충청남도 홍성군 홍성읍 고암리 819-9,장항선,760,활용,미사용,사용허가(태양광),58.0,철도용지,17600.0,가능,43.1,1242851.0,226769.0,1
13514,충청본부,충청남도 홍성군 홍성읍 고암리 819-9,장항선,760,활용,미사용,사용허가(태양광),58.0,철도용지,17600.0,가능,43.1,1242851.0,226769.0,1
13515,충청본부,충청남도 홍성군 홍성읍 고암리 787-2,장항선,3907,활용,미사용,사용허가(태양광),300.0,철도용지,45000.0,가능,43.1,6428554.0,1136432.0,1
13516,충청본부,충청남도 홍성군 홍성읍 고암리 산67-1,장항선,271,활용,미사용,사용허가(태양광),20.0,제방,19600.0,가능,43.1,428579.0,78198.0,1
13517,충청본부,충청남도 홍성군 홍성읍 고암리 261-2,장항선,9415,활용,미사용,사용허가(태양광),724.0,철도용지,34300.0,가능,43.1,15514243.0,2716940.0,2
13518,충청본부,충청남도 홍성군 홍성읍 고암리 298-2,장항선,324,활용,미사용,사용허가(태양광),24.0,철도용지,24000.0,가능,43.1,514282.0,93835.0,1
13519,충청본부,충청남도 홍성군 홍성읍 고암리 415-13,장항선,1164,활용,미사용,사용허가(태양광),89.0,철도용지,101100.0,가능,43.1,1907133.0,347973.0,1
13520,충청본부,충청남도 홍성군 홍성읍 고암리 498-7,장항선,3018,활용,미사용,사용허가(태양광),232.0,철도용지,56900.0,가능,43.1,4971410.0,883054.0,1
13521,충청본부,충청남도 홍성군 홍성읍 고암리 498-1,장항선,1238,활용,미사용,사용허가(태양광),95.0,철도용지,58400.0,가능,43.1,2035706.0,371433.0,1
13522,충청본부,충청남도 홍성군 홍성읍 고암리 415-31,장항선,10058,활용,미사용,사용허가(태양광),774.0,철도용지,311800.0,가능,43.1,16585663.0,2903167.0,2
13523,충청본부,충청남도 홍성군 홍성읍 학계리 282-1,장항선,142,활용,미사용,사용허가(태양광),10.0,철도용지,7260.0,가능,43.1,214287.0,39098.0,1
13524,충청본부,충청남도 홍성군 홍성읍 학계리 299-1,장항선,1233,활용,미사용,사용허가(태양광),94.0,철도용지,7260.0,가능,43.1,2014280.0,367523.0,1
13525,충청본부,충청남도 홍성군 홍성읍 학계리 282-4,장항선,1825,활용,미사용,사용허가(태양광),140.0,철도용지,19900.0,가능,43.1,2999993.0,540000.0,1
13527,충청본부,충청남도 홍성군 홍성읍 학계리 4-2,장항선,853,활용,미사용,사용허가(태양광),65.0,철도용지,7920.0,가능,43.1,1392851.0,254138.0,1
13528,충청본부,충청남도 홍성군 홍성읍 학계리 6-2,장항선,1505,활용,미사용,사용허가(태양광),115.0,철도용지,8960.0,가능,43.1,2464277.0,446809.0,1
13546,충청본부,충청남도 홍성군 홍성읍 학계리 640-2,장항선,4160,활용,미사용,사용허가(태양광),320.0,구거,15300.0,가능,43.1,6857117.0,1211030.0,1
13547,충청본부,충청남도 홍성군 홍성읍 학계리 640-2,장항선,4160,활용,미사용,사용허가(태양광),320.0,구거,15300.0,가능,43.1,6857117.0,1211030.0,1
13548,충청본부,충청남도 홍성군 홍성읍 학계리 358-2,장항선,3011,활용,미사용,사용허가(태양광),231.0,철도용지,13900.0,가능,43.1,4949986.0,879249.0,1
13552,충청본부,충청남도 홍성군 금마면 죽림리 705-2,장항선,2595,활용,미사용,사용허가(태양광),199.0,철도용지,4950.0,가능,43.17,4271223.0,761217.0,1
13554,충청본부,충청남도 홍성군 금마면 죽림리 431-1,장항선,8480,활용,미사용,사용허가(태양광),652.0,철도용지,23500.0,가능,43.17,13994177.0,2452517.0,2
13555,충청본부,충청남도 홍성군 금마면 죽림리 116-2,장항선,2053,활용,미사용,사용허가(태양광),158.0,철도용지,36400.0,가능,43.17,3391216.0,608120.0,1
13556,충청본부,충청남도 홍성군 금마면 죽림리 산1-2,장항선,298,활용,미사용,사용허가(태양광),22.0,임야,5590.0,가능,43.17,472197.0,86156.0,1
13560,충청본부,충청남도 홍성군 홍성읍 학계리 631-1,장항선,112,활용,미사용,사용허가(태양광),8.0,철도용지,7920.0,가능,43.1,171426.0,31278.0,1
13637,충청본부,충청남도 홍성군 홍성읍 내법리 산68-1,장항선,23,활용,미사용,사용허가(태양광),1.0,답,36300.0,가능,43.1,21421.0,3908.0,1
13638,충청본부,충청남도 홍성군 홍성읍 내법리 78-3,장항선,3209,활용,미사용,사용허가(태양광),247.0,철도용지,4780.0,가능,43.1,5292842.0,938803.0,1
13639,충청본부,충청남도 홍성군 홍성읍 내법리 78-6,장항선,470,활용,미사용,사용허가(태양광),36.0,철도용지,4780.0,가능,43.1,771433.0,140755.0,1
13640,충청본부,충청남도 홍성군 홍성읍 내법리 143-2,장항선,6102,활용,미사용,사용허가(태양광),469.0,철도용지,14600.0,가능,43.1,10049976.0,1766398.0,2
13641,충청본부,충청남도 홍성군 홍성읍 내법리 85-3,장항선,331,활용,미사용,사용허가(태양광),25.0,잡종지,36800.0,가능,43.1,535716.0,97746.0,1
13642,충청본부,충청남도 홍성군 홍성읍 내법리 83-1,장항선,238,활용,미사용,사용허가(태양광),18.0,철도용지,13000.0,가능,43.1,385707.0,70375.0,1
13643,충청본부,충청남도 홍성군 홍성읍 내법리 85-3,장항선,331,활용,미사용,사용허가(태양광),25.0,잡종지,36800.0,가능,43.1,535716.0,97746.0,1
13644,충청본부,충청남도 홍성군 홍성읍 내법리 12-2,장항선,18285,활용,미사용,사용허가(태양광),1407.0,철도용지,16600.0,가능,43.1,30149911.0,5263404.0,2
13645,충청본부,충청남도 홍성군 홍성읍 내법리 422-1,장항선,171,활용,미사용,사용허가(태양광),13.0,철도용지,4780.0,가능,43.1,278577.0,50828.0,1
13646,충청본부,충청남도 홍성군 홍성읍 내법리 425-1,장항선,48,활용,미사용,사용허가(태양광),3.0,철도용지,24000.0,가능,43.1,64286.0,11729.0,1
13647,충청본부,충청남도 홍성군 홍성읍 내법리 426-1,장항선,38,활용,미사용,사용허가(태양광),2.0,철도용지,24000.0,가능,43.1,42864.0,7820.0,1
14199,충청본부,충청남도 서천군 마서면 장선리 412-2,장항선,7120,활용,미사용,사용허가(태양광),548.0,철도용지,5440.0,가능,43.92,11968111.0,2100488.0,2
14200,충청본부,충청남도 서천군 마서면 장선리 431-2,장항선,7287,활용,미사용,사용허가(태양광),561.0,철도용지,4620.0,가능,43.92,12252029.0,2149798.0,2
14214,충청본부,충청남도 서천군 서천읍 삼산리 624-2,장항선,9641,활용,미사용,사용허가(태양광),742.0,철도용지,12900.0,가능,43.89999999999999,16197487.0,2835907.0,2
14217,충청본부,충청남도 서천군 서천읍 삼산리 724-2,장항선,2087,활용,미사용,사용허가(태양광),160.0,철도용지,18600.0,가능,43.89999999999999,3492725.0,626027.0,1
